#
# There is insufficient memory for the Java Runtime Environment to continue.
# Native memory allocation (mmap) failed to map 239075328 bytes. Error detail: G1 virtual space
# Possible reasons:
#   The system is out of physical RAM or swap space
#   This process is running with CompressedOops enabled, and the Java Heap may be blocking the growth of the native heap
# Possible solutions:
#   Reduce memory load on the system
#   Increase physical memory or swap space
#   Check if swap backing store is full
#   Decrease Java heap size (-Xmx/-Xms)
#   Decrease number of Java threads
#   Decrease Java thread stack sizes (-Xss)
#   Set larger code cache with -XX:ReservedCodeCacheSize=
#   JVM is running with Zero Based Compressed Oops mode in which the Java heap is
#     placed in the first 32GB address space. The Java Heap base address is the
#     maximum limit for the native heap growth. Please use -XX:HeapBaseMinAddress
#     to set the Java Heap base and to place the Java Heap above 32GB virtual address.
# This output file may be truncated or incomplete.
#
#  Out of Memory Error (os_windows.cpp:3564), pid=16180, tid=20936
#
# JRE version: Java(TM) SE Runtime Environment (24.0.1+9) (build 24.0.1+9-30)
# Java VM: Java HotSpot(TM) 64-Bit Server VM (24.0.1+9-30, mixed mode, sharing, tiered, compressed oops, compressed class ptrs, g1 gc, windows-amd64)
# No core dump will be written. Minidumps are not enabled by default on client versions of Windows
#

---------------  S U M M A R Y ------------

Command Line: -Dfile.encoding=UTF-8 Felix entrada_web.txt

Host: AMD Ryzen 5 7600X 6-Core Processor             , 12 cores, 31G,  Windows 11 , 64 bit Build 26100 (10.0.26100.8328)
Time: Wed May  6 22:30:06 2026 Central Standard Time (Mexico) elapsed time: 16.456191 seconds (0d 0h 0m 16s)

---------------  T H R E A D  ---------------

Current thread (0x000001dea7352470):  VMThread "VM Thread"          [id=20936, stack(0x0000005760400000,0x0000005760500000) (1024K)]

Stack: [0x0000005760400000,0x0000005760500000]
Native frames: (J=compiled Java code, j=interpreted, Vv=VM code, C=native code)
V  [jvm.dll+0x730739]  (no source info available)
V  [jvm.dll+0x8d9b23]  (no source info available)
V  [jvm.dll+0x8dc00d]  (no source info available)
V  [jvm.dll+0x8dc683]  (no source info available)
V  [jvm.dll+0x2aa086]  (no source info available)
V  [jvm.dll+0x72cc65]  (no source info available)
V  [jvm.dll+0x72059a]  (no source info available)
V  [jvm.dll+0x390cea]  (no source info available)
V  [jvm.dll+0x3989f6]  (no source info available)
V  [jvm.dll+0x38523e]  (no source info available)
V  [jvm.dll+0x3854f8]  (no source info available)
V  [jvm.dll+0x35d0cc]  (no source info available)
V  [jvm.dll+0x35fe09]  (no source info available)
V  [jvm.dll+0x36b42b]  (no source info available)
V  [jvm.dll+0x3a8745]  (no source info available)
V  [jvm.dll+0x8e2742]  (no source info available)
V  [jvm.dll+0x8e3a8c]  (no source info available)
V  [jvm.dll+0x8e3ff8]  (no source info available)
V  [jvm.dll+0x8e4293]  (no source info available)
V  [jvm.dll+0x87d76b]  (no source info available)
V  [jvm.dll+0x72ee55]  (no source info available)
C  [ucrtbase.dll+0x37b0]  (no source info available)
C  [KERNEL32.DLL+0x2e957]  (no source info available)
C  [ntdll.dll+0x427c]  (no source info available)

VM_Operation (0x000000575ffff450): G1PauseRemark, mode: safepoint, requested by thread 0x000001de838b5400


---------------  P R O C E S S  ---------------

Threads class SMR info:
_java_thread_list=0x000001deed2dc870, length=11, elements={
0x000001de815221c0, 0x000001deed0080b0, 0x000001deed00ac00, 0x000001deed00b730,
0x000001deed00c610, 0x000001deed00fee0, 0x000001deed011360, 0x000001deed016b00,
0x000001deed019090, 0x000001deed0cc490, 0x000001deed0eca20
}

Java Threads: ( => current thread )
  0x000001de815221c0 JavaThread "main"                              [_thread_blocked, id=19432, stack(0x000000575fd00000,0x000000575fe00000) (1024K)]
  0x000001deed0080b0 JavaThread "Reference Handler"          daemon [_thread_blocked, id=10104, stack(0x0000005760500000,0x0000005760600000) (1024K)]
  0x000001deed00ac00 JavaThread "Finalizer"                  daemon [_thread_blocked, id=14932, stack(0x0000005760600000,0x0000005760700000) (1024K)]
  0x000001deed00b730 JavaThread "Signal Dispatcher"          daemon [_thread_blocked, id=12828, stack(0x0000005760700000,0x0000005760800000) (1024K)]
  0x000001deed00c610 JavaThread "Attach Listener"            daemon [_thread_blocked, id=8980, stack(0x0000005760800000,0x0000005760900000) (1024K)]
  0x000001deed00fee0 JavaThread "Service Thread"             daemon [_thread_blocked, id=6936, stack(0x0000005760900000,0x0000005760a00000) (1024K)]
  0x000001deed011360 JavaThread "Monitor Deflation Thread"   daemon [_thread_blocked, id=20108, stack(0x0000005760a00000,0x0000005760b00000) (1024K)]
  0x000001deed016b00 JavaThread "C2 CompilerThread0"         daemon [_thread_blocked, id=13248, stack(0x0000005760b00000,0x0000005760c00000) (1024K)]
  0x000001deed019090 JavaThread "C1 CompilerThread0"         daemon [_thread_blocked, id=1972, stack(0x0000005760c00000,0x0000005760d00000) (1024K)]
  0x000001deed0cc490 JavaThread "Notification Thread"        daemon [_thread_blocked, id=7880, stack(0x0000005760d00000,0x0000005760e00000) (1024K)]
  0x000001deed0eca20 JavaThread "Common-Cleaner"             daemon [_thread_blocked, id=4312, stack(0x0000005760e00000,0x0000005760f00000) (1024K)]
Total: 11

Other Threads:
=>0x000001dea7352470 VMThread "VM Thread"                           [id=20936, stack(0x0000005760400000,0x0000005760500000) (1024K)]
  0x000001dea74854f0 WatcherThread "VM Periodic Task Thread"        [id=16108, stack(0x0000005760300000,0x0000005760400000) (1024K)]
  0x000001de8389fe70 WorkerThread "GC Thread#0"                     [id=11480, stack(0x000000575fe00000,0x000000575ff00000) (1024K)]
  0x000001dea7351960 WorkerThread "GC Thread#1"                     [id=12700, stack(0x0000005761100000,0x0000005761200000) (1024K)]
  0x000001dea7351d10 WorkerThread "GC Thread#2"                     [id=13572, stack(0x0000005761200000,0x0000005761300000) (1024K)]
  0x000001dea7352820 WorkerThread "GC Thread#3"                     [id=1736, stack(0x0000005761300000,0x0000005761400000) (1024K)]
  0x000001dea7352bd0 WorkerThread "GC Thread#4"                     [id=20792, stack(0x0000005761400000,0x0000005761500000) (1024K)]
  0x000001dea7351200 WorkerThread "GC Thread#5"                     [id=9952, stack(0x0000005761500000,0x0000005761600000) (1024K)]
  0x000001dea73515b0 WorkerThread "GC Thread#6"                     [id=8196, stack(0x0000005761600000,0x0000005761700000) (1024K)]
  0x000001deed8a5900 WorkerThread "GC Thread#7"                     [id=21636, stack(0x0000005761700000,0x0000005761800000) (1024K)]
  0x000001deed8a8190 WorkerThread "GC Thread#8"                     [id=10284, stack(0x0000005761800000,0x0000005761900000) (1024K)]
  0x000001deed8a88f0 WorkerThread "GC Thread#9"                     [id=14692, stack(0x0000005761900000,0x0000005761a00000) (1024K)]
  0x000001de838b5400 ConcurrentGCThread "G1 Main Marker"            [id=4780, stack(0x000000575ff00000,0x0000005760000000) (1024K)]
  0x000001de838b7230 WorkerThread "G1 Conc#0"                       [id=14532, stack(0x0000005760000000,0x0000005760100000) (1024K)]
  0x000001deed8a72d0 WorkerThread "G1 Conc#1"                       [id=17376, stack(0x0000005760f00000,0x0000005761000000) (1024K)]
  0x000001deed8a9050 WorkerThread "G1 Conc#2"                       [id=10200, stack(0x0000005761000000,0x0000005761100000) (1024K)]
  0x000001dea7340b00 ConcurrentGCThread "G1 Refine#0"               [id=16524, stack(0x0000005760100000,0x0000005760200000) (1024K)]
  0x000001dea7341430 ConcurrentGCThread "G1 Service"                [id=3596, stack(0x0000005760200000,0x0000005760300000) (1024K)]
Total: 18

Threads with active compile tasks:
Total: 0

VM state: at safepoint (normal execution)

VM Mutex/Monitor currently owned by a thread:  ([mutex/lock_event])
[0x00007fff92dc44b0] Threads_lock - owner thread: 0x000001dea7352470
[0x00007fff92dc45b0] Heap_lock - owner thread: 0x000001de838b5400

Heap address: 0x000000060e000000, size: 7968 MB, Compressed Oops mode: Zero based, Oop shift amount: 3

CDS archive(s) mapped at: [0x000001dea8000000-0x000001dea8d40000-0x000001dea8d40000), size 13893632, SharedBaseAddress: 0x000001dea8000000, ArchiveRelocationMode: 1.
Compressed class space mapped at: 0x000001dea9000000-0x000001dee9000000, reserved size: 1073741824
UseCompressedClassPointers 1, UseCompactObjectHeaders 0
Narrow klass pointer bits 32, Max shift 3
Narrow klass base: 0x000001dea8000000, Narrow klass shift: 0
Encoding Range: [0x000001dea8000000 - 0x000001dfa8000000), (4294967296 bytes)
Klass Range:    [0x000001dea8000000 - 0x000001dee9000000), (1090519040 bytes)
Klass ID Range:  [8 - 1090519033) (1090519025)

GC Precious Log:
 CardTable entry size: 512
 Card Set container configuration: InlinePtr #cards 4 size 8 Array Of Cards #cards 32 size 80 Howl #buckets 8 coarsen threshold 7372 Howl Bitmap #cards 1024 size 144 coarsen threshold 921 Card regions per heap region 1 cards per card region 8192
 CPUs: 12 total, 12 available
 Memory: 31864M
 Large Page Support: Disabled
 NUMA Support: Disabled
 Compressed Oops: Enabled (Zero based)
 Heap Region Size: 4M
 Heap Min Capacity: 8M
 Heap Initial Capacity: 500M
 Heap Max Capacity: 7968M
 Pre-touch: Disabled
 Parallel Workers: 10
 Concurrent Workers: 3
 Concurrent Refinement Workers: 10
 Periodic GC: Disabled

Heap:
 garbage-first heap   total reserved 8159232K, committed 2183168K, used 1674120K [0x000000060e000000, 0x0000000800000000)
  region size 4096K, 68 young (278528K), 12 survivors (49152K)
 Metaspace       used 630K, committed 768K, reserved 1114112K
  class space    used 49K, committed 128K, reserved 1048576K

Heap Regions: E=young(eden), S=young(survivor), O=old, HS=humongous(starts), HC=humongous(continues), CS=collection set, F=free, TAMS=top-at-mark-start, PB=parsable bottom
|   0|0x000000060e000000, 0x000000060e400000, 0x000000060e400000|100%| O|  |TAMS 0x000000060e400000| PB 0x000000060e400000| Untracked |  0
|   1|0x000000060e400000, 0x000000060e800000, 0x000000060e800000|100%| O|  |TAMS 0x000000060e800000| PB 0x000000060e800000| Untracked |  0
|   2|0x000000060e800000, 0x000000060ec00000, 0x000000060ec00000|100%| O|  |TAMS 0x000000060ec00000| PB 0x000000060ec00000| Untracked |  0
|   3|0x000000060ec00000, 0x000000060f000000, 0x000000060f000000|100%| O|  |TAMS 0x000000060f000000| PB 0x000000060f000000| Untracked |  0
|   4|0x000000060f000000, 0x000000060f400000, 0x000000060f400000|100%| O|  |TAMS 0x000000060f400000| PB 0x000000060f400000| Untracked |  0
|   5|0x000000060f400000, 0x000000060f800000, 0x000000060f800000|100%| O|  |TAMS 0x000000060f800000| PB 0x000000060f800000| Untracked |  0
|   6|0x000000060f800000, 0x000000060fc00000, 0x000000060fc00000|100%| O|  |TAMS 0x000000060fc00000| PB 0x000000060fc00000| Untracked |  0
|   7|0x000000060fc00000, 0x0000000610000000, 0x0000000610000000|100%| O|  |TAMS 0x0000000610000000| PB 0x0000000610000000| Untracked |  0
|   8|0x0000000610000000, 0x0000000610400000, 0x0000000610400000|100%| O|  |TAMS 0x0000000610400000| PB 0x0000000610400000| Untracked |  0
|   9|0x0000000610400000, 0x0000000610800000, 0x0000000610800000|100%| O|  |TAMS 0x0000000610800000| PB 0x0000000610800000| Untracked |  0
|  10|0x0000000610800000, 0x0000000610c00000, 0x0000000610c00000|100%| O|  |TAMS 0x0000000610c00000| PB 0x0000000610c00000| Untracked |  0
|  11|0x0000000610c00000, 0x0000000611000000, 0x0000000611000000|100%| O|  |TAMS 0x0000000611000000| PB 0x0000000611000000| Untracked |  0
|  12|0x0000000611000000, 0x0000000611400000, 0x0000000611400000|100%| O|  |TAMS 0x0000000611400000| PB 0x0000000611400000| Untracked |  0
|  13|0x0000000611400000, 0x0000000611800000, 0x0000000611800000|100%| O|  |TAMS 0x0000000611800000| PB 0x0000000611800000| Untracked |  0
|  14|0x0000000611800000, 0x0000000611c00000, 0x0000000611c00000|100%| O|  |TAMS 0x0000000611c00000| PB 0x0000000611c00000| Untracked |  0
|  15|0x0000000611c00000, 0x0000000612000000, 0x0000000612000000|100%| O|  |TAMS 0x0000000612000000| PB 0x0000000612000000| Untracked |  0
|  16|0x0000000612000000, 0x0000000612400000, 0x0000000612400000|100%| O|  |TAMS 0x0000000612400000| PB 0x0000000612400000| Untracked |  0
|  17|0x0000000612400000, 0x0000000612800000, 0x0000000612800000|100%| O|  |TAMS 0x0000000612800000| PB 0x0000000612800000| Untracked |  0
|  18|0x0000000612800000, 0x0000000612c00000, 0x0000000612c00000|100%| O|  |TAMS 0x0000000612c00000| PB 0x0000000612c00000| Untracked |  0
|  19|0x0000000612c00000, 0x0000000613000000, 0x0000000613000000|100%| O|  |TAMS 0x0000000613000000| PB 0x0000000613000000| Untracked |  0
|  20|0x0000000613000000, 0x0000000613400000, 0x0000000613400000|100%| O|  |TAMS 0x0000000613400000| PB 0x0000000613400000| Untracked |  0
|  21|0x0000000613400000, 0x0000000613800000, 0x0000000613800000|100%| O|  |TAMS 0x0000000613800000| PB 0x0000000613800000| Untracked |  0
|  22|0x0000000613800000, 0x0000000613c00000, 0x0000000613c00000|100%| O|  |TAMS 0x0000000613c00000| PB 0x0000000613c00000| Untracked |  0
|  23|0x0000000613c00000, 0x0000000614000000, 0x0000000614000000|100%| O|  |TAMS 0x0000000614000000| PB 0x0000000614000000| Untracked |  0
|  24|0x0000000614000000, 0x0000000614400000, 0x0000000614400000|100%| O|  |TAMS 0x0000000614400000| PB 0x0000000614400000| Untracked |  0
|  25|0x0000000614400000, 0x0000000614800000, 0x0000000614800000|100%| O|  |TAMS 0x0000000614800000| PB 0x0000000614800000| Untracked |  0
|  26|0x0000000614800000, 0x0000000614c00000, 0x0000000614c00000|100%| O|  |TAMS 0x0000000614c00000| PB 0x0000000614c00000| Untracked |  0
|  27|0x0000000614c00000, 0x0000000615000000, 0x0000000615000000|100%| O|  |TAMS 0x0000000615000000| PB 0x0000000615000000| Untracked |  0
|  28|0x0000000615000000, 0x0000000615400000, 0x0000000615400000|100%| O|  |TAMS 0x0000000615400000| PB 0x0000000615400000| Untracked |  0
|  29|0x0000000615400000, 0x0000000615800000, 0x0000000615800000|100%| O|  |TAMS 0x0000000615800000| PB 0x0000000615800000| Untracked |  0
|  30|0x0000000615800000, 0x0000000615c00000, 0x0000000615c00000|100%| O|  |TAMS 0x0000000615c00000| PB 0x0000000615c00000| Untracked |  0
|  31|0x0000000615c00000, 0x0000000616000000, 0x0000000616000000|100%| O|  |TAMS 0x0000000616000000| PB 0x0000000616000000| Untracked |  0
|  32|0x0000000616000000, 0x0000000616400000, 0x0000000616400000|100%| O|  |TAMS 0x0000000616400000| PB 0x0000000616400000| Untracked |  0
|  33|0x0000000616400000, 0x0000000616800000, 0x0000000616800000|100%| O|  |TAMS 0x0000000616800000| PB 0x0000000616800000| Untracked |  0
|  34|0x0000000616800000, 0x0000000616c00000, 0x0000000616c00000|100%| O|  |TAMS 0x0000000616c00000| PB 0x0000000616c00000| Untracked |  0
|  35|0x0000000616c00000, 0x0000000617000000, 0x0000000617000000|100%| O|  |TAMS 0x0000000617000000| PB 0x0000000617000000| Untracked |  0
|  36|0x0000000617000000, 0x0000000617400000, 0x0000000617400000|100%| O|  |TAMS 0x0000000617400000| PB 0x0000000617400000| Untracked |  0
|  37|0x0000000617400000, 0x0000000617800000, 0x0000000617800000|100%| O|  |TAMS 0x0000000617800000| PB 0x0000000617800000| Untracked |  0
|  38|0x0000000617800000, 0x0000000617c00000, 0x0000000617c00000|100%| O|  |TAMS 0x0000000617c00000| PB 0x0000000617c00000| Untracked |  0
|  39|0x0000000617c00000, 0x0000000618000000, 0x0000000618000000|100%| O|  |TAMS 0x0000000618000000| PB 0x0000000618000000| Untracked |  0
|  40|0x0000000618000000, 0x0000000618400000, 0x0000000618400000|100%| O|  |TAMS 0x0000000618400000| PB 0x0000000618400000| Untracked |  0
|  41|0x0000000618400000, 0x0000000618800000, 0x0000000618800000|100%| O|  |TAMS 0x0000000618800000| PB 0x0000000618800000| Untracked |  0
|  42|0x0000000618800000, 0x0000000618c00000, 0x0000000618c00000|100%| O|  |TAMS 0x0000000618c00000| PB 0x0000000618c00000| Untracked |  0
|  43|0x0000000618c00000, 0x0000000619000000, 0x0000000619000000|100%| O|  |TAMS 0x0000000619000000| PB 0x0000000619000000| Untracked |  0
|  44|0x0000000619000000, 0x0000000619400000, 0x0000000619400000|100%| O|  |TAMS 0x0000000619400000| PB 0x0000000619400000| Untracked |  0
|  45|0x0000000619400000, 0x0000000619800000, 0x0000000619800000|100%| O|  |TAMS 0x0000000619800000| PB 0x0000000619800000| Untracked |  0
|  46|0x0000000619800000, 0x0000000619c00000, 0x0000000619c00000|100%| O|  |TAMS 0x0000000619c00000| PB 0x0000000619c00000| Untracked |  0
|  47|0x0000000619c00000, 0x000000061a000000, 0x000000061a000000|100%| O|  |TAMS 0x000000061a000000| PB 0x000000061a000000| Untracked |  0
|  48|0x000000061a000000, 0x000000061a400000, 0x000000061a400000|100%| O|  |TAMS 0x000000061a400000| PB 0x000000061a400000| Untracked |  0
|  49|0x000000061a400000, 0x000000061a800000, 0x000000061a800000|100%| O|  |TAMS 0x000000061a800000| PB 0x000000061a800000| Untracked |  0
|  50|0x000000061a800000, 0x000000061ac00000, 0x000000061ac00000|100%| O|  |TAMS 0x000000061ac00000| PB 0x000000061ac00000| Untracked |  0
|  51|0x000000061ac00000, 0x000000061b000000, 0x000000061b000000|100%| O|  |TAMS 0x000000061b000000| PB 0x000000061b000000| Untracked |  0
|  52|0x000000061b000000, 0x000000061b400000, 0x000000061b400000|100%| O|  |TAMS 0x000000061b400000| PB 0x000000061b400000| Untracked |  0
|  53|0x000000061b400000, 0x000000061b800000, 0x000000061b800000|100%| O|  |TAMS 0x000000061b800000| PB 0x000000061b800000| Untracked |  0
|  54|0x000000061b800000, 0x000000061bc00000, 0x000000061bc00000|100%| O|  |TAMS 0x000000061bc00000| PB 0x000000061bc00000| Untracked |  0
|  55|0x000000061bc00000, 0x000000061c000000, 0x000000061c000000|100%| O|  |TAMS 0x000000061c000000| PB 0x000000061c000000| Untracked |  0
|  56|0x000000061c000000, 0x000000061c400000, 0x000000061c400000|100%| O|  |TAMS 0x000000061c400000| PB 0x000000061c400000| Untracked |  0
|  57|0x000000061c400000, 0x000000061c800000, 0x000000061c800000|100%| O|  |TAMS 0x000000061c800000| PB 0x000000061c800000| Untracked |  0
|  58|0x000000061c800000, 0x000000061cc00000, 0x000000061cc00000|100%| O|  |TAMS 0x000000061cc00000| PB 0x000000061cc00000| Untracked |  0
|  59|0x000000061cc00000, 0x000000061d000000, 0x000000061d000000|100%| O|  |TAMS 0x000000061d000000| PB 0x000000061d000000| Untracked |  0
|  60|0x000000061d000000, 0x000000061d400000, 0x000000061d400000|100%| O|  |TAMS 0x000000061d400000| PB 0x000000061d400000| Untracked |  0
|  61|0x000000061d400000, 0x000000061d800000, 0x000000061d800000|100%| O|  |TAMS 0x000000061d800000| PB 0x000000061d800000| Untracked |  0
|  62|0x000000061d800000, 0x000000061dc00000, 0x000000061dc00000|100%| O|  |TAMS 0x000000061dc00000| PB 0x000000061dc00000| Untracked |  0
|  63|0x000000061dc00000, 0x000000061e000000, 0x000000061e000000|100%| O|  |TAMS 0x000000061e000000| PB 0x000000061e000000| Untracked |  0
|  64|0x000000061e000000, 0x000000061e400000, 0x000000061e400000|100%| O|  |TAMS 0x000000061e400000| PB 0x000000061e400000| Untracked |  0
|  65|0x000000061e400000, 0x000000061e800000, 0x000000061e800000|100%| O|  |TAMS 0x000000061e800000| PB 0x000000061e800000| Untracked |  0
|  66|0x000000061e800000, 0x000000061ec00000, 0x000000061ec00000|100%| O|  |TAMS 0x000000061ec00000| PB 0x000000061ec00000| Untracked |  0
|  67|0x000000061ec00000, 0x000000061f000000, 0x000000061f000000|100%| O|  |TAMS 0x000000061f000000| PB 0x000000061f000000| Untracked |  0
|  68|0x000000061f000000, 0x000000061f400000, 0x000000061f400000|100%| O|  |TAMS 0x000000061f400000| PB 0x000000061f400000| Untracked |  0
|  69|0x000000061f400000, 0x000000061f800000, 0x000000061f800000|100%| O|  |TAMS 0x000000061f800000| PB 0x000000061f800000| Untracked |  0
|  70|0x000000061f800000, 0x000000061fc00000, 0x000000061fc00000|100%| O|  |TAMS 0x000000061fc00000| PB 0x000000061fc00000| Untracked |  0
|  71|0x000000061fc00000, 0x0000000620000000, 0x0000000620000000|100%| O|  |TAMS 0x0000000620000000| PB 0x0000000620000000| Untracked |  0
|  72|0x0000000620000000, 0x0000000620400000, 0x0000000620400000|100%| O|  |TAMS 0x0000000620400000| PB 0x0000000620400000| Untracked |  0
|  73|0x0000000620400000, 0x0000000620800000, 0x0000000620800000|100%| O|  |TAMS 0x0000000620800000| PB 0x0000000620800000| Untracked |  0
|  74|0x0000000620800000, 0x0000000620c00000, 0x0000000620c00000|100%| O|  |TAMS 0x0000000620c00000| PB 0x0000000620c00000| Untracked |  0
|  75|0x0000000620c00000, 0x0000000621000000, 0x0000000621000000|100%| O|  |TAMS 0x0000000621000000| PB 0x0000000621000000| Untracked |  0
|  76|0x0000000621000000, 0x0000000621400000, 0x0000000621400000|100%| O|  |TAMS 0x0000000621400000| PB 0x0000000621400000| Untracked |  0
|  77|0x0000000621400000, 0x0000000621800000, 0x0000000621800000|100%| O|  |TAMS 0x0000000621800000| PB 0x0000000621800000| Untracked |  0
|  78|0x0000000621800000, 0x0000000621c00000, 0x0000000621c00000|100%| O|  |TAMS 0x0000000621c00000| PB 0x0000000621c00000| Untracked |  0
|  79|0x0000000621c00000, 0x0000000622000000, 0x0000000622000000|100%| O|  |TAMS 0x0000000622000000| PB 0x0000000622000000| Untracked |  0
|  80|0x0000000622000000, 0x0000000622400000, 0x0000000622400000|100%| O|  |TAMS 0x0000000622400000| PB 0x0000000622400000| Untracked |  0
|  81|0x0000000622400000, 0x0000000622800000, 0x0000000622800000|100%| O|  |TAMS 0x0000000622800000| PB 0x0000000622800000| Untracked |  0
|  82|0x0000000622800000, 0x0000000622c00000, 0x0000000622c00000|100%| O|  |TAMS 0x0000000622c00000| PB 0x0000000622c00000| Untracked |  0
|  83|0x0000000622c00000, 0x0000000623000000, 0x0000000623000000|100%| O|  |TAMS 0x0000000623000000| PB 0x0000000623000000| Untracked |  0
|  84|0x0000000623000000, 0x0000000623400000, 0x0000000623400000|100%| O|  |TAMS 0x0000000623400000| PB 0x0000000623400000| Untracked |  0
|  85|0x0000000623400000, 0x0000000623800000, 0x0000000623800000|100%| O|  |TAMS 0x0000000623800000| PB 0x0000000623800000| Untracked |  0
|  86|0x0000000623800000, 0x0000000623c00000, 0x0000000623c00000|100%| O|  |TAMS 0x0000000623c00000| PB 0x0000000623c00000| Untracked |  0
|  87|0x0000000623c00000, 0x0000000624000000, 0x0000000624000000|100%| O|  |TAMS 0x0000000624000000| PB 0x0000000624000000| Untracked |  0
|  88|0x0000000624000000, 0x0000000624400000, 0x0000000624400000|100%| O|  |TAMS 0x0000000624400000| PB 0x0000000624400000| Untracked |  0
|  89|0x0000000624400000, 0x0000000624800000, 0x0000000624800000|100%| O|  |TAMS 0x0000000624800000| PB 0x0000000624800000| Untracked |  0
|  90|0x0000000624800000, 0x0000000624c00000, 0x0000000624c00000|100%| O|  |TAMS 0x0000000624c00000| PB 0x0000000624c00000| Untracked |  0
|  91|0x0000000624c00000, 0x0000000625000000, 0x0000000625000000|100%| O|  |TAMS 0x0000000624c00000| PB 0x0000000624c00000| Untracked |  0
|  92|0x0000000625000000, 0x0000000625400000, 0x0000000625400000|100%| O|  |TAMS 0x0000000625400000| PB 0x0000000625400000| Untracked |  0
|  93|0x0000000625400000, 0x0000000625800000, 0x0000000625800000|100%| O|  |TAMS 0x0000000625800000| PB 0x0000000625800000| Untracked |  0
|  94|0x0000000625800000, 0x0000000625c00000, 0x0000000625c00000|100%| O|  |TAMS 0x0000000625c00000| PB 0x0000000625c00000| Untracked |  0
|  95|0x0000000625c00000, 0x0000000626000000, 0x0000000626000000|100%| O|  |TAMS 0x0000000626000000| PB 0x0000000626000000| Untracked |  0
|  96|0x0000000626000000, 0x0000000626400000, 0x0000000626400000|100%| O|  |TAMS 0x0000000626400000| PB 0x0000000626400000| Untracked |  0
|  97|0x0000000626400000, 0x0000000626800000, 0x0000000626800000|100%| O|  |TAMS 0x0000000626800000| PB 0x0000000626800000| Untracked |  0
|  98|0x0000000626800000, 0x0000000626c00000, 0x0000000626c00000|100%| O|  |TAMS 0x0000000626c00000| PB 0x0000000626c00000| Untracked |  0
|  99|0x0000000626c00000, 0x0000000627000000, 0x0000000627000000|100%| O|  |TAMS 0x0000000627000000| PB 0x0000000627000000| Untracked |  0
| 100|0x0000000627000000, 0x0000000627400000, 0x0000000627400000|100%| O|  |TAMS 0x0000000627400000| PB 0x0000000627400000| Untracked |  0
| 101|0x0000000627400000, 0x0000000627800000, 0x0000000627800000|100%| O|  |TAMS 0x0000000627800000| PB 0x0000000627800000| Untracked |  0
| 102|0x0000000627800000, 0x0000000627c00000, 0x0000000627c00000|100%| O|  |TAMS 0x0000000627c00000| PB 0x0000000627c00000| Untracked |  0
| 103|0x0000000627c00000, 0x0000000628000000, 0x0000000628000000|100%| O|  |TAMS 0x0000000628000000| PB 0x0000000628000000| Untracked |  0
| 104|0x0000000628000000, 0x0000000628400000, 0x0000000628400000|100%| O|  |TAMS 0x0000000628400000| PB 0x0000000628400000| Untracked |  0
| 105|0x0000000628400000, 0x0000000628800000, 0x0000000628800000|100%| O|  |TAMS 0x0000000628800000| PB 0x0000000628800000| Untracked |  0
| 106|0x0000000628800000, 0x0000000628c00000, 0x0000000628c00000|100%| O|  |TAMS 0x0000000628c00000| PB 0x0000000628c00000| Untracked |  0
| 107|0x0000000628c00000, 0x0000000629000000, 0x0000000629000000|100%| O|  |TAMS 0x0000000629000000| PB 0x0000000629000000| Untracked |  0
| 108|0x0000000629000000, 0x0000000629400000, 0x0000000629400000|100%| O|  |TAMS 0x0000000629400000| PB 0x0000000629400000| Untracked |  0
| 109|0x0000000629400000, 0x0000000629800000, 0x0000000629800000|100%| O|  |TAMS 0x0000000629800000| PB 0x0000000629800000| Untracked |  0
| 110|0x0000000629800000, 0x0000000629c00000, 0x0000000629c00000|100%| O|  |TAMS 0x0000000629c00000| PB 0x0000000629c00000| Untracked |  0
| 111|0x0000000629c00000, 0x000000062a000000, 0x000000062a000000|100%| O|  |TAMS 0x000000062a000000| PB 0x000000062a000000| Untracked |  0
| 112|0x000000062a000000, 0x000000062a400000, 0x000000062a400000|100%| O|  |TAMS 0x000000062a400000| PB 0x000000062a400000| Untracked |  0
| 113|0x000000062a400000, 0x000000062a800000, 0x000000062a800000|100%| O|  |TAMS 0x000000062a800000| PB 0x000000062a800000| Untracked |  0
| 114|0x000000062a800000, 0x000000062ac00000, 0x000000062ac00000|100%| O|  |TAMS 0x000000062ac00000| PB 0x000000062ac00000| Untracked |  0
| 115|0x000000062ac00000, 0x000000062b000000, 0x000000062b000000|100%| O|  |TAMS 0x000000062b000000| PB 0x000000062b000000| Untracked |  0
| 116|0x000000062b000000, 0x000000062b400000, 0x000000062b400000|100%| O|  |TAMS 0x000000062b400000| PB 0x000000062b400000| Untracked |  0
| 117|0x000000062b400000, 0x000000062b800000, 0x000000062b800000|100%| O|  |TAMS 0x000000062b800000| PB 0x000000062b800000| Untracked |  0
| 118|0x000000062b800000, 0x000000062bc00000, 0x000000062bc00000|100%| O|  |TAMS 0x000000062bc00000| PB 0x000000062bc00000| Untracked |  0
| 119|0x000000062bc00000, 0x000000062c000000, 0x000000062c000000|100%| O|  |TAMS 0x000000062c000000| PB 0x000000062c000000| Untracked |  0
| 120|0x000000062c000000, 0x000000062c400000, 0x000000062c400000|100%| O|  |TAMS 0x000000062c400000| PB 0x000000062c400000| Untracked |  0
| 121|0x000000062c400000, 0x000000062c800000, 0x000000062c800000|100%| O|  |TAMS 0x000000062c800000| PB 0x000000062c800000| Untracked |  0
| 122|0x000000062c800000, 0x000000062cc00000, 0x000000062cc00000|100%| O|  |TAMS 0x000000062cc00000| PB 0x000000062cc00000| Untracked |  0
| 123|0x000000062cc00000, 0x000000062d000000, 0x000000062d000000|100%| O|  |TAMS 0x000000062d000000| PB 0x000000062d000000| Untracked |  0
| 124|0x000000062d000000, 0x000000062d400000, 0x000000062d400000|100%| O|  |TAMS 0x000000062d400000| PB 0x000000062d400000| Untracked |  0
| 125|0x000000062d400000, 0x000000062d800000, 0x000000062d800000|100%| O|  |TAMS 0x000000062d800000| PB 0x000000062d800000| Untracked |  0
| 126|0x000000062d800000, 0x000000062dc00000, 0x000000062dc00000|100%| O|  |TAMS 0x000000062dc00000| PB 0x000000062dc00000| Untracked |  0
| 127|0x000000062dc00000, 0x000000062e000000, 0x000000062e000000|100%| O|  |TAMS 0x000000062e000000| PB 0x000000062e000000| Untracked |  0
| 128|0x000000062e000000, 0x000000062e400000, 0x000000062e400000|100%| O|  |TAMS 0x000000062e400000| PB 0x000000062e400000| Untracked |  0
| 129|0x000000062e400000, 0x000000062e800000, 0x000000062e800000|100%| O|  |TAMS 0x000000062e800000| PB 0x000000062e800000| Untracked |  0
| 130|0x000000062e800000, 0x000000062ec00000, 0x000000062ec00000|100%| O|  |TAMS 0x000000062ec00000| PB 0x000000062ec00000| Untracked |  0
| 131|0x000000062ec00000, 0x000000062f000000, 0x000000062f000000|100%| O|  |TAMS 0x000000062f000000| PB 0x000000062f000000| Untracked |  0
| 132|0x000000062f000000, 0x000000062f400000, 0x000000062f400000|100%| O|  |TAMS 0x000000062f400000| PB 0x000000062f400000| Untracked |  0
| 133|0x000000062f400000, 0x000000062f800000, 0x000000062f800000|100%| O|  |TAMS 0x000000062f800000| PB 0x000000062f800000| Untracked |  0
| 134|0x000000062f800000, 0x000000062fc00000, 0x000000062fc00000|100%| O|  |TAMS 0x000000062fc00000| PB 0x000000062fc00000| Untracked |  0
| 135|0x000000062fc00000, 0x0000000630000000, 0x0000000630000000|100%| O|  |TAMS 0x0000000630000000| PB 0x0000000630000000| Untracked |  0
| 136|0x0000000630000000, 0x0000000630400000, 0x0000000630400000|100%| O|  |TAMS 0x0000000630400000| PB 0x0000000630400000| Untracked |  0
| 137|0x0000000630400000, 0x0000000630800000, 0x0000000630800000|100%| O|  |TAMS 0x0000000630800000| PB 0x0000000630800000| Untracked |  0
| 138|0x0000000630800000, 0x0000000630c00000, 0x0000000630c00000|100%| O|  |TAMS 0x0000000630c00000| PB 0x0000000630c00000| Untracked |  0
| 139|0x0000000630c00000, 0x0000000631000000, 0x0000000631000000|100%| O|Cm|TAMS 0x0000000631000000| PB 0x0000000631000000| Updating |  0
| 140|0x0000000631000000, 0x0000000631400000, 0x0000000631400000|100%| O|Cm|TAMS 0x0000000631400000| PB 0x0000000631400000| Updating |  0
| 141|0x0000000631400000, 0x0000000631800000, 0x0000000631800000|100%| O|  |TAMS 0x0000000631800000| PB 0x0000000631800000| Untracked |  0
| 142|0x0000000631800000, 0x0000000631c00000, 0x0000000631c00000|100%| O|  |TAMS 0x0000000631c00000| PB 0x0000000631c00000| Untracked |  0
| 143|0x0000000631c00000, 0x0000000632000000, 0x0000000632000000|100%| O|  |TAMS 0x0000000632000000| PB 0x0000000632000000| Untracked |  0
| 144|0x0000000632000000, 0x0000000632400000, 0x0000000632400000|100%| O|  |TAMS 0x0000000632400000| PB 0x0000000632400000| Untracked |  0
| 145|0x0000000632400000, 0x0000000632800000, 0x0000000632800000|100%| O|  |TAMS 0x0000000632800000| PB 0x0000000632800000| Untracked |  0
| 146|0x0000000632800000, 0x0000000632c00000, 0x0000000632c00000|100%| O|  |TAMS 0x0000000632c00000| PB 0x0000000632c00000| Untracked |  0
| 147|0x0000000632c00000, 0x0000000633000000, 0x0000000633000000|100%| O|  |TAMS 0x0000000633000000| PB 0x0000000633000000| Untracked |  0
| 148|0x0000000633000000, 0x0000000633400000, 0x0000000633400000|100%| O|  |TAMS 0x0000000633400000| PB 0x0000000633400000| Untracked |  0
| 149|0x0000000633400000, 0x0000000633800000, 0x0000000633800000|100%| O|  |TAMS 0x0000000633800000| PB 0x0000000633800000| Untracked |  0
| 150|0x0000000633800000, 0x0000000633c00000, 0x0000000633c00000|100%| O|  |TAMS 0x0000000633c00000| PB 0x0000000633c00000| Untracked |  0
| 151|0x0000000633c00000, 0x0000000634000000, 0x0000000634000000|100%| O|  |TAMS 0x0000000634000000| PB 0x0000000634000000| Untracked |  0
| 152|0x0000000634000000, 0x0000000634400000, 0x0000000634400000|100%| O|  |TAMS 0x0000000634400000| PB 0x0000000634400000| Untracked |  0
| 153|0x0000000634400000, 0x0000000634800000, 0x0000000634800000|100%| O|  |TAMS 0x0000000634800000| PB 0x0000000634800000| Untracked |  0
| 154|0x0000000634800000, 0x0000000634c00000, 0x0000000634c00000|100%| O|  |TAMS 0x0000000634c00000| PB 0x0000000634c00000| Untracked |  0
| 155|0x0000000634c00000, 0x0000000635000000, 0x0000000635000000|100%| O|  |TAMS 0x0000000635000000| PB 0x0000000635000000| Untracked |  0
| 156|0x0000000635000000, 0x0000000635400000, 0x0000000635400000|100%| O|  |TAMS 0x0000000635400000| PB 0x0000000635400000| Untracked |  0
| 157|0x0000000635400000, 0x0000000635800000, 0x0000000635800000|100%| O|  |TAMS 0x0000000635800000| PB 0x0000000635800000| Untracked |  0
| 158|0x0000000635800000, 0x0000000635c00000, 0x0000000635c00000|100%| O|  |TAMS 0x0000000635c00000| PB 0x0000000635c00000| Untracked |  0
| 159|0x0000000635c00000, 0x0000000636000000, 0x0000000636000000|100%| O|  |TAMS 0x0000000636000000| PB 0x0000000636000000| Untracked |  0
| 160|0x0000000636000000, 0x0000000636400000, 0x0000000636400000|100%| O|  |TAMS 0x0000000636400000| PB 0x0000000636400000| Untracked |  0
| 161|0x0000000636400000, 0x0000000636800000, 0x0000000636800000|100%| O|  |TAMS 0x0000000636800000| PB 0x0000000636800000| Untracked |  0
| 162|0x0000000636800000, 0x0000000636c00000, 0x0000000636c00000|100%| O|  |TAMS 0x0000000636c00000| PB 0x0000000636c00000| Untracked |  0
| 163|0x0000000636c00000, 0x0000000637000000, 0x0000000637000000|100%| O|  |TAMS 0x0000000637000000| PB 0x0000000637000000| Untracked |  0
| 164|0x0000000637000000, 0x0000000637400000, 0x0000000637400000|100%| O|  |TAMS 0x0000000637400000| PB 0x0000000637400000| Untracked |  0
| 165|0x0000000637400000, 0x0000000637800000, 0x0000000637800000|100%| O|  |TAMS 0x0000000637800000| PB 0x0000000637800000| Untracked |  0
| 166|0x0000000637800000, 0x0000000637c00000, 0x0000000637c00000|100%| O|  |TAMS 0x0000000637c00000| PB 0x0000000637c00000| Untracked |  0
| 167|0x0000000637c00000, 0x0000000638000000, 0x0000000638000000|100%| O|  |TAMS 0x0000000638000000| PB 0x0000000638000000| Untracked |  0
| 168|0x0000000638000000, 0x0000000638400000, 0x0000000638400000|100%| O|  |TAMS 0x0000000638400000| PB 0x0000000638400000| Untracked |  0
| 169|0x0000000638400000, 0x0000000638800000, 0x0000000638800000|100%| O|  |TAMS 0x0000000638800000| PB 0x0000000638800000| Untracked |  0
| 170|0x0000000638800000, 0x0000000638c00000, 0x0000000638c00000|100%| O|  |TAMS 0x0000000638c00000| PB 0x0000000638c00000| Untracked |  0
| 171|0x0000000638c00000, 0x0000000639000000, 0x0000000639000000|100%| O|  |TAMS 0x0000000639000000| PB 0x0000000639000000| Untracked |  0
| 172|0x0000000639000000, 0x0000000639400000, 0x0000000639400000|100%| O|  |TAMS 0x0000000639400000| PB 0x0000000639400000| Untracked |  0
| 173|0x0000000639400000, 0x0000000639800000, 0x0000000639800000|100%| O|  |TAMS 0x0000000639800000| PB 0x0000000639800000| Untracked |  0
| 174|0x0000000639800000, 0x0000000639c00000, 0x0000000639c00000|100%| O|  |TAMS 0x0000000639c00000| PB 0x0000000639c00000| Untracked |  0
| 175|0x0000000639c00000, 0x000000063a000000, 0x000000063a000000|100%| O|  |TAMS 0x000000063a000000| PB 0x000000063a000000| Untracked |  0
| 176|0x000000063a000000, 0x000000063a400000, 0x000000063a400000|100%| O|  |TAMS 0x000000063a400000| PB 0x000000063a400000| Untracked |  0
| 177|0x000000063a400000, 0x000000063a800000, 0x000000063a800000|100%| O|  |TAMS 0x000000063a800000| PB 0x000000063a800000| Untracked |  0
| 178|0x000000063a800000, 0x000000063ac00000, 0x000000063ac00000|100%| O|  |TAMS 0x000000063ac00000| PB 0x000000063ac00000| Untracked |  0
| 179|0x000000063ac00000, 0x000000063b000000, 0x000000063b000000|100%| O|  |TAMS 0x000000063b000000| PB 0x000000063b000000| Untracked |  0
| 180|0x000000063b000000, 0x000000063b400000, 0x000000063b400000|100%| O|  |TAMS 0x000000063b400000| PB 0x000000063b400000| Untracked |  0
| 181|0x000000063b400000, 0x000000063b800000, 0x000000063b800000|100%| O|  |TAMS 0x000000063b800000| PB 0x000000063b800000| Untracked |  0
| 182|0x000000063b800000, 0x000000063bc00000, 0x000000063bc00000|100%| O|  |TAMS 0x000000063bc00000| PB 0x000000063bc00000| Untracked |  0
| 183|0x000000063bc00000, 0x000000063c000000, 0x000000063c000000|100%| O|  |TAMS 0x000000063c000000| PB 0x000000063c000000| Untracked |  0
| 184|0x000000063c000000, 0x000000063c400000, 0x000000063c400000|100%| O|  |TAMS 0x000000063c400000| PB 0x000000063c400000| Untracked |  0
| 185|0x000000063c400000, 0x000000063c800000, 0x000000063c800000|100%| O|  |TAMS 0x000000063c800000| PB 0x000000063c800000| Untracked |  0
| 186|0x000000063c800000, 0x000000063cc00000, 0x000000063cc00000|100%| O|  |TAMS 0x000000063cc00000| PB 0x000000063cc00000| Untracked |  0
| 187|0x000000063cc00000, 0x000000063d000000, 0x000000063d000000|100%| O|  |TAMS 0x000000063d000000| PB 0x000000063d000000| Untracked |  0
| 188|0x000000063d000000, 0x000000063d400000, 0x000000063d400000|100%| O|  |TAMS 0x000000063d400000| PB 0x000000063d400000| Untracked |  0
| 189|0x000000063d400000, 0x000000063d800000, 0x000000063d800000|100%| O|  |TAMS 0x000000063d800000| PB 0x000000063d800000| Untracked |  0
| 190|0x000000063d800000, 0x000000063dc00000, 0x000000063dc00000|100%| O|  |TAMS 0x000000063dc00000| PB 0x000000063dc00000| Untracked |  0
| 191|0x000000063dc00000, 0x000000063e000000, 0x000000063e000000|100%| O|  |TAMS 0x000000063e000000| PB 0x000000063e000000| Untracked |  0
| 192|0x000000063e000000, 0x000000063e400000, 0x000000063e400000|100%| O|  |TAMS 0x000000063e400000| PB 0x000000063e400000| Untracked |  0
| 193|0x000000063e400000, 0x000000063e800000, 0x000000063e800000|100%| O|  |TAMS 0x000000063e800000| PB 0x000000063e800000| Untracked |  0
| 194|0x000000063e800000, 0x000000063ec00000, 0x000000063ec00000|100%| O|  |TAMS 0x000000063ec00000| PB 0x000000063ec00000| Untracked |  0
| 195|0x000000063ec00000, 0x000000063f000000, 0x000000063f000000|100%| O|  |TAMS 0x000000063f000000| PB 0x000000063f000000| Untracked |  0
| 196|0x000000063f000000, 0x000000063f400000, 0x000000063f400000|100%| O|  |TAMS 0x000000063f400000| PB 0x000000063f400000| Untracked |  0
| 197|0x000000063f400000, 0x000000063f800000, 0x000000063f800000|100%| O|  |TAMS 0x000000063f800000| PB 0x000000063f800000| Untracked |  0
| 198|0x000000063f800000, 0x000000063fc00000, 0x000000063fc00000|100%| O|  |TAMS 0x000000063fc00000| PB 0x000000063fc00000| Untracked |  0
| 199|0x000000063fc00000, 0x0000000640000000, 0x0000000640000000|100%| O|  |TAMS 0x0000000640000000| PB 0x0000000640000000| Untracked |  0
| 200|0x0000000640000000, 0x0000000640400000, 0x0000000640400000|100%| O|  |TAMS 0x0000000640400000| PB 0x0000000640400000| Untracked |  0
| 201|0x0000000640400000, 0x0000000640800000, 0x0000000640800000|100%| O|  |TAMS 0x0000000640800000| PB 0x0000000640800000| Untracked |  0
| 202|0x0000000640800000, 0x0000000640c00000, 0x0000000640c00000|100%| O|  |TAMS 0x0000000640c00000| PB 0x0000000640c00000| Untracked |  0
| 203|0x0000000640c00000, 0x0000000641000000, 0x0000000641000000|100%| O|  |TAMS 0x0000000641000000| PB 0x0000000641000000| Untracked |  0
| 204|0x0000000641000000, 0x0000000641400000, 0x0000000641400000|100%| O|  |TAMS 0x0000000641400000| PB 0x0000000641400000| Untracked |  0
| 205|0x0000000641400000, 0x0000000641800000, 0x0000000641800000|100%| O|  |TAMS 0x0000000641400000| PB 0x0000000641400000| Untracked |  0
| 206|0x0000000641800000, 0x0000000641800000, 0x0000000641c00000|  0%| F|  |TAMS 0x0000000641800000| PB 0x0000000641800000| Untracked |  0
| 207|0x0000000641c00000, 0x0000000641c00000, 0x0000000642000000|  0%| F|  |TAMS 0x0000000641c00000| PB 0x0000000641c00000| Untracked |  0
| 208|0x0000000642000000, 0x0000000642000000, 0x0000000642400000|  0%| F|  |TAMS 0x0000000642000000| PB 0x0000000642000000| Untracked |  0
| 209|0x0000000642400000, 0x0000000642400000, 0x0000000642800000|  0%| F|  |TAMS 0x0000000642400000| PB 0x0000000642400000| Untracked |  0
| 210|0x0000000642800000, 0x0000000642800000, 0x0000000642c00000|  0%| F|  |TAMS 0x0000000642800000| PB 0x0000000642800000| Untracked |  0
| 211|0x0000000642c00000, 0x0000000642c00000, 0x0000000643000000|  0%| F|  |TAMS 0x0000000642c00000| PB 0x0000000642c00000| Untracked |  0
| 212|0x0000000643000000, 0x0000000643000000, 0x0000000643400000|  0%| F|  |TAMS 0x0000000643000000| PB 0x0000000643000000| Untracked |  0
| 213|0x0000000643400000, 0x0000000643400000, 0x0000000643800000|  0%| F|  |TAMS 0x0000000643400000| PB 0x0000000643400000| Untracked |  0
| 214|0x0000000643800000, 0x0000000643800000, 0x0000000643c00000|  0%| F|  |TAMS 0x0000000643800000| PB 0x0000000643800000| Untracked |  0
| 215|0x0000000643c00000, 0x0000000644000000, 0x0000000644000000|100%| O|  |TAMS 0x0000000644000000| PB 0x0000000644000000| Untracked |  0
| 216|0x0000000644000000, 0x0000000644400000, 0x0000000644400000|100%| O|  |TAMS 0x0000000644400000| PB 0x0000000644400000| Untracked |  0
| 217|0x0000000644400000, 0x0000000644800000, 0x0000000644800000|100%| O|  |TAMS 0x0000000644800000| PB 0x0000000644800000| Untracked |  0
| 218|0x0000000644800000, 0x0000000644c00000, 0x0000000644c00000|100%| O|  |TAMS 0x0000000644c00000| PB 0x0000000644c00000| Untracked |  0
| 219|0x0000000644c00000, 0x0000000645000000, 0x0000000645000000|100%| O|  |TAMS 0x0000000645000000| PB 0x0000000645000000| Untracked |  0
| 220|0x0000000645000000, 0x0000000645400000, 0x0000000645400000|100%| O|  |TAMS 0x0000000645400000| PB 0x0000000645400000| Untracked |  0
| 221|0x0000000645400000, 0x0000000645800000, 0x0000000645800000|100%| O|  |TAMS 0x0000000645800000| PB 0x0000000645800000| Untracked |  0
| 222|0x0000000645800000, 0x0000000645c00000, 0x0000000645c00000|100%| O|  |TAMS 0x0000000645c00000| PB 0x0000000645c00000| Untracked |  0
| 223|0x0000000645c00000, 0x0000000646000000, 0x0000000646000000|100%| O|  |TAMS 0x0000000646000000| PB 0x0000000646000000| Untracked |  0
| 224|0x0000000646000000, 0x0000000646400000, 0x0000000646400000|100%| O|  |TAMS 0x0000000646400000| PB 0x0000000646400000| Untracked |  0
| 225|0x0000000646400000, 0x0000000646800000, 0x0000000646800000|100%| O|  |TAMS 0x0000000646800000| PB 0x0000000646800000| Untracked |  0
| 226|0x0000000646800000, 0x0000000646c00000, 0x0000000646c00000|100%| O|  |TAMS 0x0000000646c00000| PB 0x0000000646c00000| Untracked |  0
| 227|0x0000000646c00000, 0x0000000647000000, 0x0000000647000000|100%| O|Cm|TAMS 0x0000000647000000| PB 0x0000000647000000| Updating |  0
| 228|0x0000000647000000, 0x0000000647400000, 0x0000000647400000|100%| O|  |TAMS 0x0000000647400000| PB 0x0000000647400000| Untracked |  0
| 229|0x0000000647400000, 0x0000000647800000, 0x0000000647800000|100%| O|  |TAMS 0x0000000647800000| PB 0x0000000647800000| Untracked |  0
| 230|0x0000000647800000, 0x0000000647c00000, 0x0000000647c00000|100%| O|  |TAMS 0x0000000647c00000| PB 0x0000000647c00000| Untracked |  0
| 231|0x0000000647c00000, 0x0000000648000000, 0x0000000648000000|100%| O|  |TAMS 0x0000000648000000| PB 0x0000000648000000| Untracked |  0
| 232|0x0000000648000000, 0x0000000648400000, 0x0000000648400000|100%| O|  |TAMS 0x0000000648400000| PB 0x0000000648400000| Untracked |  0
| 233|0x0000000648400000, 0x0000000648800000, 0x0000000648800000|100%| O|  |TAMS 0x0000000648800000| PB 0x0000000648800000| Untracked |  0
| 234|0x0000000648800000, 0x0000000648c00000, 0x0000000648c00000|100%| O|  |TAMS 0x0000000648c00000| PB 0x0000000648c00000| Untracked |  0
| 235|0x0000000648c00000, 0x0000000649000000, 0x0000000649000000|100%| O|  |TAMS 0x0000000649000000| PB 0x0000000649000000| Untracked |  0
| 236|0x0000000649000000, 0x0000000649400000, 0x0000000649400000|100%| O|  |TAMS 0x0000000649400000| PB 0x0000000649400000| Untracked |  0
| 237|0x0000000649400000, 0x0000000649800000, 0x0000000649800000|100%| O|  |TAMS 0x0000000649800000| PB 0x0000000649800000| Untracked |  0
| 238|0x0000000649800000, 0x0000000649c00000, 0x0000000649c00000|100%| O|  |TAMS 0x0000000649c00000| PB 0x0000000649c00000| Untracked |  0
| 239|0x0000000649c00000, 0x000000064a000000, 0x000000064a000000|100%| O|  |TAMS 0x000000064a000000| PB 0x000000064a000000| Untracked |  0
| 240|0x000000064a000000, 0x000000064a400000, 0x000000064a400000|100%| O|  |TAMS 0x000000064a400000| PB 0x000000064a400000| Untracked |  0
| 241|0x000000064a400000, 0x000000064a800000, 0x000000064a800000|100%| O|  |TAMS 0x000000064a800000| PB 0x000000064a800000| Untracked |  0
| 242|0x000000064a800000, 0x000000064ac00000, 0x000000064ac00000|100%| O|  |TAMS 0x000000064ac00000| PB 0x000000064ac00000| Untracked |  0
| 243|0x000000064ac00000, 0x000000064b000000, 0x000000064b000000|100%| O|  |TAMS 0x000000064b000000| PB 0x000000064b000000| Untracked |  0
| 244|0x000000064b000000, 0x000000064b400000, 0x000000064b400000|100%| O|  |TAMS 0x000000064b400000| PB 0x000000064b400000| Untracked |  0
| 245|0x000000064b400000, 0x000000064b800000, 0x000000064b800000|100%| O|  |TAMS 0x000000064b800000| PB 0x000000064b800000| Untracked |  0
| 246|0x000000064b800000, 0x000000064bc00000, 0x000000064bc00000|100%| O|  |TAMS 0x000000064bc00000| PB 0x000000064bc00000| Untracked |  0
| 247|0x000000064bc00000, 0x000000064c000000, 0x000000064c000000|100%| O|  |TAMS 0x000000064c000000| PB 0x000000064c000000| Untracked |  0
| 248|0x000000064c000000, 0x000000064c400000, 0x000000064c400000|100%| O|  |TAMS 0x000000064c400000| PB 0x000000064c400000| Untracked |  0
| 249|0x000000064c400000, 0x000000064c800000, 0x000000064c800000|100%| O|  |TAMS 0x000000064c800000| PB 0x000000064c800000| Untracked |  0
| 250|0x000000064c800000, 0x000000064cc00000, 0x000000064cc00000|100%| O|  |TAMS 0x000000064cc00000| PB 0x000000064cc00000| Untracked |  0
| 251|0x000000064cc00000, 0x000000064d000000, 0x000000064d000000|100%| O|  |TAMS 0x000000064d000000| PB 0x000000064d000000| Untracked |  0
| 252|0x000000064d000000, 0x000000064d400000, 0x000000064d400000|100%| O|  |TAMS 0x000000064d000000| PB 0x000000064d000000| Untracked |  0
| 253|0x000000064d400000, 0x000000064d800000, 0x000000064d800000|100%| O|  |TAMS 0x000000064d800000| PB 0x000000064d800000| Untracked |  0
| 254|0x000000064d800000, 0x000000064dc00000, 0x000000064dc00000|100%| O|  |TAMS 0x000000064dc00000| PB 0x000000064dc00000| Untracked |  0
| 255|0x000000064dc00000, 0x000000064e000000, 0x000000064e000000|100%| O|  |TAMS 0x000000064e000000| PB 0x000000064e000000| Untracked |  0
| 256|0x000000064e000000, 0x000000064e400000, 0x000000064e400000|100%| O|  |TAMS 0x000000064e400000| PB 0x000000064e400000| Untracked |  0
| 257|0x000000064e400000, 0x000000064e800000, 0x000000064e800000|100%| O|  |TAMS 0x000000064e800000| PB 0x000000064e800000| Untracked |  0
| 258|0x000000064e800000, 0x000000064ec00000, 0x000000064ec00000|100%| O|  |TAMS 0x000000064ec00000| PB 0x000000064ec00000| Untracked |  0
| 259|0x000000064ec00000, 0x000000064f000000, 0x000000064f000000|100%| O|  |TAMS 0x000000064ec00000| PB 0x000000064ec00000| Untracked |  0
| 260|0x000000064f000000, 0x000000064f400000, 0x000000064f400000|100%| O|  |TAMS 0x000000064f400000| PB 0x000000064f400000| Untracked |  0
| 261|0x000000064f400000, 0x000000064f800000, 0x000000064f800000|100%| O|  |TAMS 0x000000064f800000| PB 0x000000064f800000| Untracked |  0
| 262|0x000000064f800000, 0x000000064fc00000, 0x000000064fc00000|100%| O|  |TAMS 0x000000064fc00000| PB 0x000000064fc00000| Untracked |  0
| 263|0x000000064fc00000, 0x0000000650000000, 0x0000000650000000|100%| O|  |TAMS 0x0000000650000000| PB 0x0000000650000000| Untracked |  0
| 264|0x0000000650000000, 0x0000000650400000, 0x0000000650400000|100%| O|  |TAMS 0x0000000650400000| PB 0x0000000650400000| Untracked |  0
| 265|0x0000000650400000, 0x0000000650800000, 0x0000000650800000|100%| O|  |TAMS 0x0000000650800000| PB 0x0000000650800000| Untracked |  0
| 266|0x0000000650800000, 0x0000000650c00000, 0x0000000650c00000|100%| O|  |TAMS 0x0000000650c00000| PB 0x0000000650c00000| Untracked |  0
| 267|0x0000000650c00000, 0x0000000651000000, 0x0000000651000000|100%| O|  |TAMS 0x0000000651000000| PB 0x0000000651000000| Untracked |  0
| 268|0x0000000651000000, 0x0000000651400000, 0x0000000651400000|100%| O|  |TAMS 0x0000000651400000| PB 0x0000000651400000| Untracked |  0
| 269|0x0000000651400000, 0x0000000651800000, 0x0000000651800000|100%| O|  |TAMS 0x0000000651800000| PB 0x0000000651800000| Untracked |  0
| 270|0x0000000651800000, 0x0000000651c00000, 0x0000000651c00000|100%| O|  |TAMS 0x0000000651c00000| PB 0x0000000651c00000| Untracked |  0
| 271|0x0000000651c00000, 0x0000000652000000, 0x0000000652000000|100%| O|  |TAMS 0x0000000652000000| PB 0x0000000652000000| Untracked |  0
| 272|0x0000000652000000, 0x0000000652400000, 0x0000000652400000|100%| O|  |TAMS 0x0000000652400000| PB 0x0000000652400000| Untracked |  0
| 273|0x0000000652400000, 0x0000000652800000, 0x0000000652800000|100%| O|  |TAMS 0x0000000652800000| PB 0x0000000652800000| Untracked |  0
| 274|0x0000000652800000, 0x0000000652c00000, 0x0000000652c00000|100%| O|  |TAMS 0x0000000652c00000| PB 0x0000000652c00000| Untracked |  0
| 275|0x0000000652c00000, 0x0000000653000000, 0x0000000653000000|100%| O|  |TAMS 0x0000000653000000| PB 0x0000000653000000| Untracked |  0
| 276|0x0000000653000000, 0x0000000653400000, 0x0000000653400000|100%| O|  |TAMS 0x0000000653400000| PB 0x0000000653400000| Untracked |  0
| 277|0x0000000653400000, 0x0000000653800000, 0x0000000653800000|100%| O|  |TAMS 0x0000000653800000| PB 0x0000000653800000| Untracked |  0
| 278|0x0000000653800000, 0x0000000653c00000, 0x0000000653c00000|100%| O|  |TAMS 0x0000000653c00000| PB 0x0000000653c00000| Untracked |  0
| 279|0x0000000653c00000, 0x0000000654000000, 0x0000000654000000|100%| O|  |TAMS 0x0000000654000000| PB 0x0000000654000000| Untracked |  0
| 280|0x0000000654000000, 0x0000000654400000, 0x0000000654400000|100%| O|  |TAMS 0x0000000654400000| PB 0x0000000654400000| Untracked |  0
| 281|0x0000000654400000, 0x0000000654800000, 0x0000000654800000|100%| O|  |TAMS 0x0000000654800000| PB 0x0000000654800000| Untracked |  0
| 282|0x0000000654800000, 0x0000000654c00000, 0x0000000654c00000|100%| O|  |TAMS 0x0000000654c00000| PB 0x0000000654c00000| Untracked |  0
| 283|0x0000000654c00000, 0x0000000655000000, 0x0000000655000000|100%| O|  |TAMS 0x0000000655000000| PB 0x0000000655000000| Untracked |  0
| 284|0x0000000655000000, 0x0000000655400000, 0x0000000655400000|100%| O|  |TAMS 0x0000000655400000| PB 0x0000000655400000| Untracked |  0
| 285|0x0000000655400000, 0x0000000655800000, 0x0000000655800000|100%| O|  |TAMS 0x0000000655800000| PB 0x0000000655800000| Untracked |  0
| 286|0x0000000655800000, 0x0000000655c00000, 0x0000000655c00000|100%| O|  |TAMS 0x0000000655c00000| PB 0x0000000655c00000| Untracked |  0
| 287|0x0000000655c00000, 0x0000000656000000, 0x0000000656000000|100%| O|  |TAMS 0x0000000656000000| PB 0x0000000656000000| Untracked |  0
| 288|0x0000000656000000, 0x0000000656400000, 0x0000000656400000|100%| O|  |TAMS 0x0000000656400000| PB 0x0000000656400000| Untracked |  0
| 289|0x0000000656400000, 0x0000000656800000, 0x0000000656800000|100%| O|  |TAMS 0x0000000656800000| PB 0x0000000656800000| Untracked |  0
| 290|0x0000000656800000, 0x0000000656c00000, 0x0000000656c00000|100%| O|  |TAMS 0x0000000656c00000| PB 0x0000000656c00000| Untracked |  0
| 291|0x0000000656c00000, 0x0000000657000000, 0x0000000657000000|100%| O|  |TAMS 0x0000000657000000| PB 0x0000000657000000| Untracked |  0
| 292|0x0000000657000000, 0x0000000657400000, 0x0000000657400000|100%| O|  |TAMS 0x0000000657400000| PB 0x0000000657400000| Untracked |  0
| 293|0x0000000657400000, 0x0000000657800000, 0x0000000657800000|100%| O|Cm|TAMS 0x0000000657800000| PB 0x0000000657800000| Updating |  0
| 294|0x0000000657800000, 0x0000000657c00000, 0x0000000657c00000|100%| O|  |TAMS 0x0000000657c00000| PB 0x0000000657c00000| Untracked |  0
| 295|0x0000000657c00000, 0x0000000658000000, 0x0000000658000000|100%| O|  |TAMS 0x0000000658000000| PB 0x0000000658000000| Untracked |  0
| 296|0x0000000658000000, 0x0000000658400000, 0x0000000658400000|100%| O|  |TAMS 0x0000000658400000| PB 0x0000000658400000| Untracked |  0
| 297|0x0000000658400000, 0x0000000658800000, 0x0000000658800000|100%| O|  |TAMS 0x0000000658400000| PB 0x0000000658400000| Untracked |  0
| 298|0x0000000658800000, 0x0000000658c00000, 0x0000000658c00000|100%| O|  |TAMS 0x0000000658800000| PB 0x0000000658800000| Untracked |  0
| 299|0x0000000658c00000, 0x0000000659000000, 0x0000000659000000|100%| O|  |TAMS 0x0000000659000000| PB 0x0000000659000000| Untracked |  0
| 300|0x0000000659000000, 0x0000000659400000, 0x0000000659400000|100%| O|  |TAMS 0x0000000659400000| PB 0x0000000659400000| Untracked |  0
| 301|0x0000000659400000, 0x0000000659800000, 0x0000000659800000|100%| O|  |TAMS 0x0000000659800000| PB 0x0000000659800000| Untracked |  0
| 302|0x0000000659800000, 0x0000000659c00000, 0x0000000659c00000|100%| O|  |TAMS 0x0000000659c00000| PB 0x0000000659c00000| Untracked |  0
| 303|0x0000000659c00000, 0x000000065a000000, 0x000000065a000000|100%| O|  |TAMS 0x000000065a000000| PB 0x000000065a000000| Untracked |  0
| 304|0x000000065a000000, 0x000000065a400000, 0x000000065a400000|100%| O|Cm|TAMS 0x000000065a400000| PB 0x000000065a400000| Updating |  0
| 305|0x000000065a400000, 0x000000065a800000, 0x000000065a800000|100%| O|  |TAMS 0x000000065a800000| PB 0x000000065a800000| Untracked |  0
| 306|0x000000065a800000, 0x000000065ac00000, 0x000000065ac00000|100%| O|  |TAMS 0x000000065ac00000| PB 0x000000065ac00000| Untracked |  0
| 307|0x000000065ac00000, 0x000000065b000000, 0x000000065b000000|100%| O|  |TAMS 0x000000065b000000| PB 0x000000065b000000| Untracked |  0
| 308|0x000000065b000000, 0x000000065b400000, 0x000000065b400000|100%| O|  |TAMS 0x000000065b400000| PB 0x000000065b400000| Untracked |  0
| 309|0x000000065b400000, 0x000000065b800000, 0x000000065b800000|100%| O|  |TAMS 0x000000065b800000| PB 0x000000065b800000| Untracked |  0
| 310|0x000000065b800000, 0x000000065bc00000, 0x000000065bc00000|100%| O|  |TAMS 0x000000065bc00000| PB 0x000000065bc00000| Untracked |  0
| 311|0x000000065bc00000, 0x000000065c000000, 0x000000065c000000|100%| O|  |TAMS 0x000000065c000000| PB 0x000000065c000000| Untracked |  0
| 312|0x000000065c000000, 0x000000065c400000, 0x000000065c400000|100%| O|  |TAMS 0x000000065c400000| PB 0x000000065c400000| Untracked |  0
| 313|0x000000065c400000, 0x000000065c800000, 0x000000065c800000|100%| O|  |TAMS 0x000000065c800000| PB 0x000000065c800000| Untracked |  0
| 314|0x000000065c800000, 0x000000065cc00000, 0x000000065cc00000|100%| O|  |TAMS 0x000000065cc00000| PB 0x000000065cc00000| Untracked |  0
| 315|0x000000065cc00000, 0x000000065d000000, 0x000000065d000000|100%| O|Cm|TAMS 0x000000065d000000| PB 0x000000065d000000| Updating |  0
| 316|0x000000065d000000, 0x000000065d400000, 0x000000065d400000|100%|HS|  |TAMS 0x000000065d400000| PB 0x000000065d000000| Complete |  0
| 317|0x000000065d400000, 0x000000065d800000, 0x000000065d800000|100%|HC|  |TAMS 0x000000065d800000| PB 0x000000065d400000| Complete |  0
| 318|0x000000065d800000, 0x000000065dc00000, 0x000000065dc00000|100%|HC|  |TAMS 0x000000065dc00000| PB 0x000000065d800000| Complete |  0
| 319|0x000000065dc00000, 0x000000065e000000, 0x000000065e000000|100%|HC|  |TAMS 0x000000065e000000| PB 0x000000065dc00000| Complete |  0
| 320|0x000000065e000000, 0x000000065e400000, 0x000000065e400000|100%|HC|  |TAMS 0x000000065e400000| PB 0x000000065e000000| Complete |  0
| 321|0x000000065e400000, 0x000000065e800000, 0x000000065e800000|100%|HC|  |TAMS 0x000000065e800000| PB 0x000000065e400000| Complete |  0
| 322|0x000000065e800000, 0x000000065ec00000, 0x000000065ec00000|100%|HC|  |TAMS 0x000000065ec00000| PB 0x000000065e800000| Complete |  0
| 323|0x000000065ec00000, 0x000000065f000000, 0x000000065f000000|100%|HC|  |TAMS 0x000000065f000000| PB 0x000000065ec00000| Complete |  0
| 324|0x000000065f000000, 0x000000065f400000, 0x000000065f400000|100%|HC|  |TAMS 0x000000065f400000| PB 0x000000065f000000| Complete |  0
| 325|0x000000065f400000, 0x000000065f800000, 0x000000065f800000|100%|HC|  |TAMS 0x000000065f800000| PB 0x000000065f400000| Complete |  0
| 326|0x000000065f800000, 0x000000065fc00000, 0x000000065fc00000|100%|HC|  |TAMS 0x000000065fc00000| PB 0x000000065f800000| Complete |  0
| 327|0x000000065fc00000, 0x0000000660000000, 0x0000000660000000|100%|HC|  |TAMS 0x0000000660000000| PB 0x000000065fc00000| Complete |  0
| 328|0x0000000660000000, 0x0000000660400000, 0x0000000660400000|100%|HC|  |TAMS 0x0000000660400000| PB 0x0000000660000000| Complete |  0
| 329|0x0000000660400000, 0x0000000660800000, 0x0000000660800000|100%|HC|  |TAMS 0x0000000660800000| PB 0x0000000660400000| Complete |  0
| 330|0x0000000660800000, 0x0000000660c00000, 0x0000000660c00000|100%| O|  |TAMS 0x0000000660c00000| PB 0x0000000660c00000| Untracked |  0
| 331|0x0000000660c00000, 0x0000000661000000, 0x0000000661000000|100%| O|  |TAMS 0x0000000661000000| PB 0x0000000661000000| Untracked |  0
| 332|0x0000000661000000, 0x0000000661400000, 0x0000000661400000|100%| O|  |TAMS 0x0000000661400000| PB 0x0000000661400000| Untracked |  0
| 333|0x0000000661400000, 0x0000000661400000, 0x0000000661800000|  0%| F|  |TAMS 0x0000000661400000| PB 0x0000000661400000| Untracked |  0
| 334|0x0000000661800000, 0x0000000661800000, 0x0000000661c00000|  0%| F|  |TAMS 0x0000000661800000| PB 0x0000000661800000| Untracked |  0
| 335|0x0000000661c00000, 0x0000000661c00000, 0x0000000662000000|  0%| F|  |TAMS 0x0000000661c00000| PB 0x0000000661c00000| Untracked |  0
| 336|0x0000000662000000, 0x0000000662000000, 0x0000000662400000|  0%| F|  |TAMS 0x0000000662000000| PB 0x0000000662000000| Untracked |  0
| 337|0x0000000662400000, 0x0000000662400000, 0x0000000662800000|  0%| F|  |TAMS 0x0000000662400000| PB 0x0000000662400000| Untracked |  0
| 338|0x0000000662800000, 0x0000000662800000, 0x0000000662c00000|  0%| F|  |TAMS 0x0000000662800000| PB 0x0000000662800000| Untracked |  0
| 339|0x0000000662c00000, 0x0000000662c00000, 0x0000000663000000|  0%| F|  |TAMS 0x0000000662c00000| PB 0x0000000662c00000| Untracked |  0
| 340|0x0000000663000000, 0x0000000663000000, 0x0000000663400000|  0%| F|  |TAMS 0x0000000663000000| PB 0x0000000663000000| Untracked |  0
| 341|0x0000000663400000, 0x0000000663400000, 0x0000000663800000|  0%| F|  |TAMS 0x0000000663400000| PB 0x0000000663400000| Untracked |  0
| 342|0x0000000663800000, 0x0000000663800000, 0x0000000663c00000|  0%| F|  |TAMS 0x0000000663800000| PB 0x0000000663800000| Untracked |  0
| 343|0x0000000663c00000, 0x0000000663c00000, 0x0000000664000000|  0%| F|  |TAMS 0x0000000663c00000| PB 0x0000000663c00000| Untracked |  0
| 344|0x0000000664000000, 0x0000000664000000, 0x0000000664400000|  0%| F|  |TAMS 0x0000000664000000| PB 0x0000000664000000| Untracked |  0
| 345|0x0000000664400000, 0x0000000664400000, 0x0000000664800000|  0%| F|  |TAMS 0x0000000664400000| PB 0x0000000664400000| Untracked |  0
| 346|0x0000000664800000, 0x0000000664800000, 0x0000000664c00000|  0%| F|  |TAMS 0x0000000664800000| PB 0x0000000664800000| Untracked |  0
| 347|0x0000000664c00000, 0x0000000664c00000, 0x0000000665000000|  0%| F|  |TAMS 0x0000000664c00000| PB 0x0000000664c00000| Untracked |  0
| 348|0x0000000665000000, 0x0000000665000000, 0x0000000665400000|  0%| F|  |TAMS 0x0000000665000000| PB 0x0000000665000000| Untracked |  0
| 349|0x0000000665400000, 0x0000000665400000, 0x0000000665800000|  0%| F|  |TAMS 0x0000000665400000| PB 0x0000000665400000| Untracked |  0
| 350|0x0000000665800000, 0x0000000665800000, 0x0000000665c00000|  0%| F|  |TAMS 0x0000000665800000| PB 0x0000000665800000| Untracked |  0
| 351|0x0000000665c00000, 0x0000000665c00000, 0x0000000666000000|  0%| F|  |TAMS 0x0000000665c00000| PB 0x0000000665c00000| Untracked |  0
| 352|0x0000000666000000, 0x0000000666000000, 0x0000000666400000|  0%| F|  |TAMS 0x0000000666000000| PB 0x0000000666000000| Untracked |  0
| 353|0x0000000666400000, 0x0000000666800000, 0x0000000666800000|100%| O|  |TAMS 0x0000000666400000| PB 0x0000000666400000| Untracked |  0
| 354|0x0000000666800000, 0x0000000666c00000, 0x0000000666c00000|100%| O|  |TAMS 0x0000000666800000| PB 0x0000000666800000| Untracked |  0
| 355|0x0000000666c00000, 0x0000000667000000, 0x0000000667000000|100%| O|  |TAMS 0x0000000666c00000| PB 0x0000000666c00000| Untracked |  0
| 356|0x0000000667000000, 0x0000000667400000, 0x0000000667400000|100%| O|  |TAMS 0x0000000667000000| PB 0x0000000667000000| Untracked |  0
| 357|0x0000000667400000, 0x0000000667800000, 0x0000000667800000|100%| O|  |TAMS 0x0000000667400000| PB 0x0000000667400000| Untracked |  0
| 358|0x0000000667800000, 0x0000000667c00000, 0x0000000667c00000|100%| O|  |TAMS 0x0000000667800000| PB 0x0000000667800000| Untracked |  0
| 359|0x0000000667c00000, 0x0000000668000000, 0x0000000668000000|100%| O|  |TAMS 0x0000000667c00000| PB 0x0000000667c00000| Untracked |  0
| 360|0x0000000668000000, 0x0000000668400000, 0x0000000668400000|100%| O|  |TAMS 0x0000000668000000| PB 0x0000000668000000| Untracked |  0
| 361|0x0000000668400000, 0x0000000668800000, 0x0000000668800000|100%| O|  |TAMS 0x0000000668400000| PB 0x0000000668400000| Untracked |  0
| 362|0x0000000668800000, 0x0000000668c00000, 0x0000000668c00000|100%| O|  |TAMS 0x0000000668800000| PB 0x0000000668800000| Untracked |  0
| 363|0x0000000668c00000, 0x0000000669000000, 0x0000000669000000|100%| O|  |TAMS 0x0000000668c00000| PB 0x0000000668c00000| Untracked |  0
| 364|0x0000000669000000, 0x0000000669400000, 0x0000000669400000|100%| O|  |TAMS 0x0000000669000000| PB 0x0000000669000000| Untracked |  0
| 365|0x0000000669400000, 0x0000000669800000, 0x0000000669800000|100%| O|  |TAMS 0x0000000669400000| PB 0x0000000669400000| Untracked |  0
| 366|0x0000000669800000, 0x0000000669c00000, 0x0000000669c00000|100%| O|  |TAMS 0x0000000669800000| PB 0x0000000669800000| Untracked |  0
| 367|0x0000000669c00000, 0x000000066a000000, 0x000000066a000000|100%| O|  |TAMS 0x0000000669c00000| PB 0x0000000669c00000| Untracked |  0
| 368|0x000000066a000000, 0x000000066a2e22c0, 0x000000066a400000| 72%| O|  |TAMS 0x000000066a000000| PB 0x000000066a000000| Untracked |  0
| 369|0x000000066a400000, 0x000000066a400000, 0x000000066a800000|  0%| F|  |TAMS 0x000000066a400000| PB 0x000000066a400000| Untracked |  0
| 370|0x000000066a800000, 0x000000066a800000, 0x000000066ac00000|  0%| F|  |TAMS 0x000000066a800000| PB 0x000000066a800000| Untracked |  0
| 371|0x000000066ac00000, 0x000000066ac00000, 0x000000066b000000|  0%| F|  |TAMS 0x000000066ac00000| PB 0x000000066ac00000| Untracked |  0
| 372|0x000000066b000000, 0x000000066b000000, 0x000000066b400000|  0%| F|  |TAMS 0x000000066b000000| PB 0x000000066b000000| Untracked |  0
| 373|0x000000066b400000, 0x000000066b400000, 0x000000066b800000|  0%| F|  |TAMS 0x000000066b400000| PB 0x000000066b400000| Untracked |  0
| 374|0x000000066b800000, 0x000000066b800000, 0x000000066bc00000|  0%| F|  |TAMS 0x000000066b800000| PB 0x000000066b800000| Untracked |  0
| 375|0x000000066bc00000, 0x000000066bc00000, 0x000000066c000000|  0%| F|  |TAMS 0x000000066bc00000| PB 0x000000066bc00000| Untracked |  0
| 376|0x000000066c000000, 0x000000066c000000, 0x000000066c400000|  0%| F|  |TAMS 0x000000066c000000| PB 0x000000066c000000| Untracked |  0
| 377|0x000000066c400000, 0x000000066c400000, 0x000000066c800000|  0%| F|  |TAMS 0x000000066c400000| PB 0x000000066c400000| Untracked |  0
| 378|0x000000066c800000, 0x000000066c800000, 0x000000066cc00000|  0%| F|  |TAMS 0x000000066c800000| PB 0x000000066c800000| Untracked |  0
| 379|0x000000066cc00000, 0x000000066cc00000, 0x000000066d000000|  0%| F|  |TAMS 0x000000066cc00000| PB 0x000000066cc00000| Untracked |  0
| 380|0x000000066d000000, 0x000000066d000000, 0x000000066d400000|  0%| F|  |TAMS 0x000000066d000000| PB 0x000000066d000000| Untracked |  0
| 381|0x000000066d400000, 0x000000066d400000, 0x000000066d800000|  0%| F|  |TAMS 0x000000066d400000| PB 0x000000066d400000| Untracked |  0
| 382|0x000000066d800000, 0x000000066d800000, 0x000000066dc00000|  0%| F|  |TAMS 0x000000066d800000| PB 0x000000066d800000| Untracked |  0
| 383|0x000000066dc00000, 0x000000066dc00000, 0x000000066e000000|  0%| F|  |TAMS 0x000000066dc00000| PB 0x000000066dc00000| Untracked |  0
| 384|0x000000066e000000, 0x000000066e000000, 0x000000066e400000|  0%| F|  |TAMS 0x000000066e000000| PB 0x000000066e000000| Untracked |  0
| 385|0x000000066e400000, 0x000000066e800000, 0x000000066e800000|100%| S|CS|TAMS 0x000000066e400000| PB 0x000000066e400000| Complete |  0
| 386|0x000000066e800000, 0x000000066ec00000, 0x000000066ec00000|100%| S|CS|TAMS 0x000000066e800000| PB 0x000000066e800000| Complete |  0
| 387|0x000000066ec00000, 0x000000066f000000, 0x000000066f000000|100%| S|CS|TAMS 0x000000066ec00000| PB 0x000000066ec00000| Complete |  0
| 388|0x000000066f000000, 0x000000066f400000, 0x000000066f400000|100%| S|CS|TAMS 0x000000066f000000| PB 0x000000066f000000| Complete |  0
| 389|0x000000066f400000, 0x000000066f800000, 0x000000066f800000|100%| S|CS|TAMS 0x000000066f400000| PB 0x000000066f400000| Complete |  0
| 390|0x000000066f800000, 0x000000066fc00000, 0x000000066fc00000|100%| S|CS|TAMS 0x000000066f800000| PB 0x000000066f800000| Complete |  0
| 391|0x000000066fc00000, 0x0000000670000000, 0x0000000670000000|100%| S|CS|TAMS 0x000000066fc00000| PB 0x000000066fc00000| Complete |  0
| 392|0x0000000670000000, 0x0000000670400000, 0x0000000670400000|100%| S|CS|TAMS 0x0000000670000000| PB 0x0000000670000000| Complete |  0
| 393|0x0000000670400000, 0x0000000670800000, 0x0000000670800000|100%| S|CS|TAMS 0x0000000670400000| PB 0x0000000670400000| Complete |  0
| 394|0x0000000670800000, 0x0000000670c00000, 0x0000000670c00000|100%| S|CS|TAMS 0x0000000670800000| PB 0x0000000670800000| Complete |  0
| 395|0x0000000670c00000, 0x0000000671000000, 0x0000000671000000|100%| S|CS|TAMS 0x0000000670c00000| PB 0x0000000670c00000| Complete |  0
| 396|0x0000000671000000, 0x0000000671400000, 0x0000000671400000|100%| S|CS|TAMS 0x0000000671000000| PB 0x0000000671000000| Complete |  0
| 397|0x0000000671400000, 0x0000000671400000, 0x0000000671800000|  0%| F|  |TAMS 0x0000000671400000| PB 0x0000000671400000| Untracked |  0
| 398|0x0000000671800000, 0x0000000671800000, 0x0000000671c00000|  0%| F|  |TAMS 0x0000000671800000| PB 0x0000000671800000| Untracked |  0
| 399|0x0000000671c00000, 0x0000000671c00000, 0x0000000672000000|  0%| F|  |TAMS 0x0000000671c00000| PB 0x0000000671c00000| Untracked |  0
| 400|0x0000000672000000, 0x0000000672000000, 0x0000000672400000|  0%| F|  |TAMS 0x0000000672000000| PB 0x0000000672000000| Untracked |  0
| 401|0x0000000672400000, 0x0000000672400000, 0x0000000672800000|  0%| F|  |TAMS 0x0000000672400000| PB 0x0000000672400000| Untracked |  0
| 402|0x0000000672800000, 0x0000000672800000, 0x0000000672c00000|  0%| F|  |TAMS 0x0000000672800000| PB 0x0000000672800000| Untracked |  0
| 403|0x0000000672c00000, 0x0000000672c00000, 0x0000000673000000|  0%| F|  |TAMS 0x0000000672c00000| PB 0x0000000672c00000| Untracked |  0
| 404|0x0000000673000000, 0x0000000673000000, 0x0000000673400000|  0%| F|  |TAMS 0x0000000673000000| PB 0x0000000673000000| Untracked |  0
| 405|0x0000000673400000, 0x0000000673400000, 0x0000000673800000|  0%| F|  |TAMS 0x0000000673400000| PB 0x0000000673400000| Untracked |  0
| 406|0x0000000673800000, 0x0000000673800000, 0x0000000673c00000|  0%| F|  |TAMS 0x0000000673800000| PB 0x0000000673800000| Untracked |  0
| 407|0x0000000673c00000, 0x0000000673c00000, 0x0000000674000000|  0%| F|  |TAMS 0x0000000673c00000| PB 0x0000000673c00000| Untracked |  0
| 408|0x0000000674000000, 0x0000000674000000, 0x0000000674400000|  0%| F|  |TAMS 0x0000000674000000| PB 0x0000000674000000| Untracked |  0
| 409|0x0000000674400000, 0x0000000674400000, 0x0000000674800000|  0%| F|  |TAMS 0x0000000674400000| PB 0x0000000674400000| Untracked |  0
| 410|0x0000000674800000, 0x0000000674800000, 0x0000000674c00000|  0%| F|  |TAMS 0x0000000674800000| PB 0x0000000674800000| Untracked |  0
| 411|0x0000000674c00000, 0x0000000674c00000, 0x0000000675000000|  0%| F|  |TAMS 0x0000000674c00000| PB 0x0000000674c00000| Untracked |  0
| 412|0x0000000675000000, 0x0000000675000000, 0x0000000675400000|  0%| F|  |TAMS 0x0000000675000000| PB 0x0000000675000000| Untracked |  0
| 413|0x0000000675400000, 0x0000000675400000, 0x0000000675800000|  0%| F|  |TAMS 0x0000000675400000| PB 0x0000000675400000| Untracked |  0
| 414|0x0000000675800000, 0x0000000675800000, 0x0000000675c00000|  0%| F|  |TAMS 0x0000000675800000| PB 0x0000000675800000| Untracked |  0
| 415|0x0000000675c00000, 0x0000000675c00000, 0x0000000676000000|  0%| F|  |TAMS 0x0000000675c00000| PB 0x0000000675c00000| Untracked |  0
| 416|0x0000000676000000, 0x0000000676000000, 0x0000000676400000|  0%| F|  |TAMS 0x0000000676000000| PB 0x0000000676000000| Untracked |  0
| 417|0x0000000676400000, 0x0000000676400000, 0x0000000676800000|  0%| F|  |TAMS 0x0000000676400000| PB 0x0000000676400000| Untracked |  0
| 418|0x0000000676800000, 0x0000000676800000, 0x0000000676c00000|  0%| F|  |TAMS 0x0000000676800000| PB 0x0000000676800000| Untracked |  0
| 419|0x0000000676c00000, 0x0000000676c00000, 0x0000000677000000|  0%| F|  |TAMS 0x0000000676c00000| PB 0x0000000676c00000| Untracked |  0
| 420|0x0000000677000000, 0x0000000677000000, 0x0000000677400000|  0%| F|  |TAMS 0x0000000677000000| PB 0x0000000677000000| Untracked |  0
| 421|0x0000000677400000, 0x0000000677400000, 0x0000000677800000|  0%| F|  |TAMS 0x0000000677400000| PB 0x0000000677400000| Untracked |  0
| 422|0x0000000677800000, 0x0000000677800000, 0x0000000677c00000|  0%| F|  |TAMS 0x0000000677800000| PB 0x0000000677800000| Untracked |  0
| 423|0x0000000677c00000, 0x0000000677c00000, 0x0000000678000000|  0%| F|  |TAMS 0x0000000677c00000| PB 0x0000000677c00000| Untracked |  0
| 424|0x0000000678000000, 0x0000000678000000, 0x0000000678400000|  0%| F|  |TAMS 0x0000000678000000| PB 0x0000000678000000| Untracked |  0
| 425|0x0000000678400000, 0x0000000678400000, 0x0000000678800000|  0%| F|  |TAMS 0x0000000678400000| PB 0x0000000678400000| Untracked |  0
| 426|0x0000000678800000, 0x0000000678800000, 0x0000000678c00000|  0%| F|  |TAMS 0x0000000678800000| PB 0x0000000678800000| Untracked |  0
| 427|0x0000000678c00000, 0x0000000678c00000, 0x0000000679000000|  0%| F|  |TAMS 0x0000000678c00000| PB 0x0000000678c00000| Untracked |  0
| 428|0x0000000679000000, 0x0000000679000000, 0x0000000679400000|  0%| F|  |TAMS 0x0000000679000000| PB 0x0000000679000000| Untracked |  0
| 429|0x0000000679400000, 0x0000000679400000, 0x0000000679800000|  0%| F|  |TAMS 0x0000000679400000| PB 0x0000000679400000| Untracked |  0
| 430|0x0000000679800000, 0x0000000679800000, 0x0000000679c00000|  0%| F|  |TAMS 0x0000000679800000| PB 0x0000000679800000| Untracked |  0
| 431|0x0000000679c00000, 0x0000000679c00000, 0x000000067a000000|  0%| F|  |TAMS 0x0000000679c00000| PB 0x0000000679c00000| Untracked |  0
| 432|0x000000067a000000, 0x000000067a000000, 0x000000067a400000|  0%| F|  |TAMS 0x000000067a000000| PB 0x000000067a000000| Untracked |  0
| 433|0x000000067a400000, 0x000000067a400000, 0x000000067a800000|  0%| F|  |TAMS 0x000000067a400000| PB 0x000000067a400000| Untracked |  0
| 434|0x000000067a800000, 0x000000067a800000, 0x000000067ac00000|  0%| F|  |TAMS 0x000000067a800000| PB 0x000000067a800000| Untracked |  0
| 435|0x000000067ac00000, 0x000000067ac00000, 0x000000067b000000|  0%| F|  |TAMS 0x000000067ac00000| PB 0x000000067ac00000| Untracked |  0
| 436|0x000000067b000000, 0x000000067b000000, 0x000000067b400000|  0%| F|  |TAMS 0x000000067b000000| PB 0x000000067b000000| Untracked |  0
| 437|0x000000067b400000, 0x000000067b400000, 0x000000067b800000|  0%| F|  |TAMS 0x000000067b400000| PB 0x000000067b400000| Untracked |  0
| 438|0x000000067b800000, 0x000000067b800000, 0x000000067bc00000|  0%| F|  |TAMS 0x000000067b800000| PB 0x000000067b800000| Untracked |  0
| 439|0x000000067bc00000, 0x000000067bc00000, 0x000000067c000000|  0%| F|  |TAMS 0x000000067bc00000| PB 0x000000067bc00000| Untracked |  0
| 440|0x000000067c000000, 0x000000067c000000, 0x000000067c400000|  0%| F|  |TAMS 0x000000067c000000| PB 0x000000067c000000| Untracked |  0
| 441|0x000000067c400000, 0x000000067c400000, 0x000000067c800000|  0%| F|  |TAMS 0x000000067c400000| PB 0x000000067c400000| Untracked |  0
| 442|0x000000067c800000, 0x000000067c800000, 0x000000067cc00000|  0%| F|  |TAMS 0x000000067c800000| PB 0x000000067c800000| Untracked |  0
| 443|0x000000067cc00000, 0x000000067cc00000, 0x000000067d000000|  0%| F|  |TAMS 0x000000067cc00000| PB 0x000000067cc00000| Untracked |  0
| 444|0x000000067d000000, 0x000000067d000000, 0x000000067d400000|  0%| F|  |TAMS 0x000000067d000000| PB 0x000000067d000000| Untracked |  0
| 445|0x000000067d400000, 0x000000067d400000, 0x000000067d800000|  0%| F|  |TAMS 0x000000067d400000| PB 0x000000067d400000| Untracked |  0
| 446|0x000000067d800000, 0x000000067d800000, 0x000000067dc00000|  0%| F|  |TAMS 0x000000067d800000| PB 0x000000067d800000| Untracked |  0
| 447|0x000000067dc00000, 0x000000067dc00000, 0x000000067e000000|  0%| F|  |TAMS 0x000000067dc00000| PB 0x000000067dc00000| Untracked |  0
| 448|0x000000067e000000, 0x000000067e000000, 0x000000067e400000|  0%| F|  |TAMS 0x000000067e000000| PB 0x000000067e000000| Untracked |  0
| 449|0x000000067e400000, 0x000000067e400000, 0x000000067e800000|  0%| F|  |TAMS 0x000000067e400000| PB 0x000000067e400000| Untracked |  0
| 450|0x000000067e800000, 0x000000067e800000, 0x000000067ec00000|  0%| F|  |TAMS 0x000000067e800000| PB 0x000000067e800000| Untracked |  0
| 451|0x000000067ec00000, 0x000000067ec00000, 0x000000067f000000|  0%| F|  |TAMS 0x000000067ec00000| PB 0x000000067ec00000| Untracked |  0
| 452|0x000000067f000000, 0x000000067f000000, 0x000000067f400000|  0%| F|  |TAMS 0x000000067f000000| PB 0x000000067f000000| Untracked |  0
| 453|0x000000067f400000, 0x000000067f400000, 0x000000067f800000|  0%| F|  |TAMS 0x000000067f400000| PB 0x000000067f400000| Untracked |  0
| 454|0x000000067f800000, 0x000000067f800000, 0x000000067fc00000|  0%| F|  |TAMS 0x000000067f800000| PB 0x000000067f800000| Untracked |  0
| 455|0x000000067fc00000, 0x000000067fc00000, 0x0000000680000000|  0%| F|  |TAMS 0x000000067fc00000| PB 0x000000067fc00000| Untracked |  0
| 456|0x0000000680000000, 0x0000000680000000, 0x0000000680400000|  0%| F|  |TAMS 0x0000000680000000| PB 0x0000000680000000| Untracked |  0
| 457|0x0000000680400000, 0x0000000680400000, 0x0000000680800000|  0%| F|  |TAMS 0x0000000680400000| PB 0x0000000680400000| Untracked |  0
| 458|0x0000000680800000, 0x0000000680800000, 0x0000000680c00000|  0%| F|  |TAMS 0x0000000680800000| PB 0x0000000680800000| Untracked |  0
| 459|0x0000000680c00000, 0x0000000680c00000, 0x0000000681000000|  0%| F|  |TAMS 0x0000000680c00000| PB 0x0000000680c00000| Untracked |  0
| 460|0x0000000681000000, 0x0000000681000000, 0x0000000681400000|  0%| F|  |TAMS 0x0000000681000000| PB 0x0000000681000000| Untracked |  0
| 461|0x0000000681400000, 0x0000000681400000, 0x0000000681800000|  0%| F|  |TAMS 0x0000000681400000| PB 0x0000000681400000| Untracked |  0
| 462|0x0000000681800000, 0x0000000681800000, 0x0000000681c00000|  0%| F|  |TAMS 0x0000000681800000| PB 0x0000000681800000| Untracked |  0
| 463|0x0000000681c00000, 0x0000000681c00000, 0x0000000682000000|  0%| F|  |TAMS 0x0000000681c00000| PB 0x0000000681c00000| Untracked |  0
| 464|0x0000000682000000, 0x0000000682000000, 0x0000000682400000|  0%| F|  |TAMS 0x0000000682000000| PB 0x0000000682000000| Untracked |  0
| 465|0x0000000682400000, 0x0000000682400000, 0x0000000682800000|  0%| F|  |TAMS 0x0000000682400000| PB 0x0000000682400000| Untracked |  0
| 466|0x0000000682800000, 0x0000000682800000, 0x0000000682c00000|  0%| F|  |TAMS 0x0000000682800000| PB 0x0000000682800000| Untracked |  0
| 467|0x0000000682c00000, 0x0000000682c00000, 0x0000000683000000|  0%| F|  |TAMS 0x0000000682c00000| PB 0x0000000682c00000| Untracked |  0
| 468|0x0000000683000000, 0x0000000683000000, 0x0000000683400000|  0%| F|  |TAMS 0x0000000683000000| PB 0x0000000683000000| Untracked |  0
| 469|0x0000000683400000, 0x0000000683400000, 0x0000000683800000|  0%| F|  |TAMS 0x0000000683400000| PB 0x0000000683400000| Untracked |  0
| 470|0x0000000683800000, 0x0000000683800000, 0x0000000683c00000|  0%| F|  |TAMS 0x0000000683800000| PB 0x0000000683800000| Untracked |  0
| 471|0x0000000683c00000, 0x0000000683c00000, 0x0000000684000000|  0%| F|  |TAMS 0x0000000683c00000| PB 0x0000000683c00000| Untracked |  0
| 472|0x0000000684000000, 0x0000000684000000, 0x0000000684400000|  0%| F|  |TAMS 0x0000000684000000| PB 0x0000000684000000| Untracked |  0
| 473|0x0000000684400000, 0x0000000684400000, 0x0000000684800000|  0%| F|  |TAMS 0x0000000684400000| PB 0x0000000684400000| Untracked |  0
| 474|0x0000000684800000, 0x0000000684800000, 0x0000000684c00000|  0%| F|  |TAMS 0x0000000684800000| PB 0x0000000684800000| Untracked |  0
| 475|0x0000000684c00000, 0x0000000685000000, 0x0000000685000000|100%| E|  |TAMS 0x0000000684c00000| PB 0x0000000684c00000| Complete |  0
| 476|0x0000000685000000, 0x0000000685400000, 0x0000000685400000|100%| E|CS|TAMS 0x0000000685000000| PB 0x0000000685000000| Complete |  0
| 477|0x0000000685400000, 0x0000000685800000, 0x0000000685800000|100%| E|CS|TAMS 0x0000000685400000| PB 0x0000000685400000| Complete |  0
| 478|0x0000000685800000, 0x0000000685c00000, 0x0000000685c00000|100%| E|CS|TAMS 0x0000000685800000| PB 0x0000000685800000| Complete |  0
| 479|0x0000000685c00000, 0x0000000686000000, 0x0000000686000000|100%| E|CS|TAMS 0x0000000685c00000| PB 0x0000000685c00000| Complete |  0
| 480|0x0000000686000000, 0x0000000686400000, 0x0000000686400000|100%| E|CS|TAMS 0x0000000686000000| PB 0x0000000686000000| Complete |  0
| 481|0x0000000686400000, 0x0000000686800000, 0x0000000686800000|100%| E|CS|TAMS 0x0000000686400000| PB 0x0000000686400000| Complete |  0
| 482|0x0000000686800000, 0x0000000686c00000, 0x0000000686c00000|100%| E|CS|TAMS 0x0000000686800000| PB 0x0000000686800000| Complete |  0
| 483|0x0000000686c00000, 0x0000000687000000, 0x0000000687000000|100%| E|CS|TAMS 0x0000000686c00000| PB 0x0000000686c00000| Complete |  0
| 484|0x0000000687000000, 0x0000000687400000, 0x0000000687400000|100%| E|CS|TAMS 0x0000000687000000| PB 0x0000000687000000| Complete |  0
| 485|0x0000000687400000, 0x0000000687800000, 0x0000000687800000|100%| E|CS|TAMS 0x0000000687400000| PB 0x0000000687400000| Complete |  0
| 486|0x0000000687800000, 0x0000000687c00000, 0x0000000687c00000|100%| E|CS|TAMS 0x0000000687800000| PB 0x0000000687800000| Complete |  0
| 487|0x0000000687c00000, 0x0000000688000000, 0x0000000688000000|100%| E|CS|TAMS 0x0000000687c00000| PB 0x0000000687c00000| Complete |  0
| 488|0x0000000688000000, 0x0000000688400000, 0x0000000688400000|100%| E|CS|TAMS 0x0000000688000000| PB 0x0000000688000000| Complete |  0
| 489|0x0000000688400000, 0x0000000688800000, 0x0000000688800000|100%| E|CS|TAMS 0x0000000688400000| PB 0x0000000688400000| Complete |  0
| 490|0x0000000688800000, 0x0000000688c00000, 0x0000000688c00000|100%| E|CS|TAMS 0x0000000688800000| PB 0x0000000688800000| Complete |  0
| 491|0x0000000688c00000, 0x0000000689000000, 0x0000000689000000|100%| E|CS|TAMS 0x0000000688c00000| PB 0x0000000688c00000| Complete |  0
| 492|0x0000000689000000, 0x0000000689400000, 0x0000000689400000|100%| E|CS|TAMS 0x0000000689000000| PB 0x0000000689000000| Complete |  0
| 493|0x0000000689400000, 0x0000000689800000, 0x0000000689800000|100%| E|CS|TAMS 0x0000000689400000| PB 0x0000000689400000| Complete |  0
| 494|0x0000000689800000, 0x0000000689c00000, 0x0000000689c00000|100%| E|CS|TAMS 0x0000000689800000| PB 0x0000000689800000| Complete |  0
| 495|0x0000000689c00000, 0x000000068a000000, 0x000000068a000000|100%| E|CS|TAMS 0x0000000689c00000| PB 0x0000000689c00000| Complete |  0
| 496|0x000000068a000000, 0x000000068a400000, 0x000000068a400000|100%| E|CS|TAMS 0x000000068a000000| PB 0x000000068a000000| Complete |  0
| 497|0x000000068a400000, 0x000000068a800000, 0x000000068a800000|100%| E|CS|TAMS 0x000000068a400000| PB 0x000000068a400000| Complete |  0
| 498|0x000000068a800000, 0x000000068ac00000, 0x000000068ac00000|100%| E|CS|TAMS 0x000000068a800000| PB 0x000000068a800000| Complete |  0
| 499|0x000000068ac00000, 0x000000068b000000, 0x000000068b000000|100%| E|CS|TAMS 0x000000068ac00000| PB 0x000000068ac00000| Complete |  0
| 500|0x000000068b000000, 0x000000068b400000, 0x000000068b400000|100%| E|CS|TAMS 0x000000068b000000| PB 0x000000068b000000| Complete |  0
| 501|0x000000068b400000, 0x000000068b800000, 0x000000068b800000|100%| E|CS|TAMS 0x000000068b400000| PB 0x000000068b400000| Complete |  0
| 502|0x000000068b800000, 0x000000068bc00000, 0x000000068bc00000|100%| E|CS|TAMS 0x000000068b800000| PB 0x000000068b800000| Complete |  0
| 503|0x000000068bc00000, 0x000000068c000000, 0x000000068c000000|100%| E|CS|TAMS 0x000000068bc00000| PB 0x000000068bc00000| Complete |  0
| 504|0x000000068c000000, 0x000000068c400000, 0x000000068c400000|100%| E|CS|TAMS 0x000000068c000000| PB 0x000000068c000000| Complete |  0
| 505|0x000000068c400000, 0x000000068c800000, 0x000000068c800000|100%| E|CS|TAMS 0x000000068c400000| PB 0x000000068c400000| Complete |  0
| 506|0x000000068c800000, 0x000000068cc00000, 0x000000068cc00000|100%| E|CS|TAMS 0x000000068c800000| PB 0x000000068c800000| Complete |  0
| 507|0x000000068cc00000, 0x000000068d000000, 0x000000068d000000|100%| E|CS|TAMS 0x000000068cc00000| PB 0x000000068cc00000| Complete |  0
| 508|0x000000068d000000, 0x000000068d400000, 0x000000068d400000|100%| E|CS|TAMS 0x000000068d000000| PB 0x000000068d000000| Complete |  0
| 509|0x000000068d400000, 0x000000068d800000, 0x000000068d800000|100%| E|CS|TAMS 0x000000068d400000| PB 0x000000068d400000| Complete |  0
| 510|0x000000068d800000, 0x000000068dc00000, 0x000000068dc00000|100%| E|CS|TAMS 0x000000068d800000| PB 0x000000068d800000| Complete |  0
| 511|0x000000068dc00000, 0x000000068e000000, 0x000000068e000000|100%| E|CS|TAMS 0x000000068dc00000| PB 0x000000068dc00000| Complete |  0
| 512|0x000000068e000000, 0x000000068e400000, 0x000000068e400000|100%| E|CS|TAMS 0x000000068e000000| PB 0x000000068e000000| Complete |  0
| 513|0x000000068e400000, 0x000000068e800000, 0x000000068e800000|100%| E|CS|TAMS 0x000000068e400000| PB 0x000000068e400000| Complete |  0
| 514|0x000000068e800000, 0x000000068ec00000, 0x000000068ec00000|100%| E|CS|TAMS 0x000000068e800000| PB 0x000000068e800000| Complete |  0
| 515|0x000000068ec00000, 0x000000068f000000, 0x000000068f000000|100%| E|CS|TAMS 0x000000068ec00000| PB 0x000000068ec00000| Complete |  0
| 516|0x000000068f000000, 0x000000068f400000, 0x000000068f400000|100%| E|CS|TAMS 0x000000068f000000| PB 0x000000068f000000| Complete |  0
| 517|0x000000068f400000, 0x000000068f800000, 0x000000068f800000|100%| E|CS|TAMS 0x000000068f400000| PB 0x000000068f400000| Complete |  0
| 518|0x000000068f800000, 0x000000068fc00000, 0x000000068fc00000|100%| E|CS|TAMS 0x000000068f800000| PB 0x000000068f800000| Complete |  0
| 519|0x000000068fc00000, 0x0000000690000000, 0x0000000690000000|100%| E|CS|TAMS 0x000000068fc00000| PB 0x000000068fc00000| Complete |  0
| 520|0x0000000690000000, 0x0000000690400000, 0x0000000690400000|100%| E|CS|TAMS 0x0000000690000000| PB 0x0000000690000000| Complete |  0
| 521|0x0000000690400000, 0x0000000690800000, 0x0000000690800000|100%| E|CS|TAMS 0x0000000690400000| PB 0x0000000690400000| Complete |  0
| 522|0x0000000690800000, 0x0000000690c00000, 0x0000000690c00000|100%| E|CS|TAMS 0x0000000690800000| PB 0x0000000690800000| Complete |  0
| 523|0x0000000690c00000, 0x0000000691000000, 0x0000000691000000|100%| E|CS|TAMS 0x0000000690c00000| PB 0x0000000690c00000| Complete |  0
| 524|0x0000000691000000, 0x0000000691400000, 0x0000000691400000|100%| E|CS|TAMS 0x0000000691000000| PB 0x0000000691000000| Complete |  0
| 525|0x0000000691400000, 0x0000000691800000, 0x0000000691800000|100%| E|CS|TAMS 0x0000000691400000| PB 0x0000000691400000| Complete |  0
| 526|0x0000000691800000, 0x0000000691c00000, 0x0000000691c00000|100%| E|CS|TAMS 0x0000000691800000| PB 0x0000000691800000| Complete |  0
| 527|0x0000000691c00000, 0x0000000692000000, 0x0000000692000000|100%| E|CS|TAMS 0x0000000691c00000| PB 0x0000000691c00000| Complete |  0
| 528|0x0000000692000000, 0x0000000692400000, 0x0000000692400000|100%| E|CS|TAMS 0x0000000692000000| PB 0x0000000692000000| Complete |  0
| 529|0x0000000692400000, 0x0000000692800000, 0x0000000692800000|100%| E|CS|TAMS 0x0000000692400000| PB 0x0000000692400000| Complete |  0
|1989|0x00000007ff400000, 0x00000007ff800000, 0x00000007ff800000|100%| O|  |TAMS 0x00000007ff4d6500| PB 0x00000007ff4d6500| Untracked |  0
|1990|0x00000007ff800000, 0x00000007ffc00000, 0x00000007ffc00000|100%| O|  |TAMS 0x00000007ffc00000| PB 0x00000007ffc00000| Untracked |  0
|1991|0x00000007ffc00000, 0x0000000800000000, 0x0000000800000000|100%| E|CS|TAMS 0x00000007ffc00000| PB 0x00000007ffc00000| Complete |  0

Card table byte_map: [0x000001de9c580000,0x000001de9d510000] _byte_map_base: 0x000001de99510000

Marking Bits: (CMBitMap*) 0x000001de838a0490
 Bits: [0x000001de9d510000, 0x000001dea5190000)

Polling page: 0x000001de81a60000

Metaspace:

Usage:
  Non-class:    581.16 KB used.
      Class:     49.66 KB used.
       Both:    630.82 KB used.

Virtual space:
  Non-class space:       64.00 MB reserved,     640.00 KB ( <1%) committed,  1 nodes.
      Class space:        1.00 GB reserved,     128.00 KB ( <1%) committed,  1 nodes.
             Both:        1.06 GB reserved,     768.00 KB ( <1%) committed. 

Chunk freelists:
   Non-Class:  11.85 MB
       Class:  15.73 MB
        Both:  27.57 MB

MaxMetaspaceSize: unlimited
CompressedClassSpaceSize: 1.00 GB
Initial GC threshold: 21.00 MB
Current GC threshold: 21.00 MB
CDS: on
 - commit_granule_bytes: 65536.
 - commit_granule_words: 8192.
 - virtual_space_node_default_size: 8388608.
 - enlarge_chunks_in_place: 1.
UseCompressedClassPointers 1, UseCompactObjectHeaders 0
Narrow klass pointer bits 32, Max shift 3
Narrow klass base: 0x000001dea8000000, Narrow klass shift: 0
Encoding Range: [0x000001dea8000000 - 0x000001dfa8000000), (4294967296 bytes)
Klass Range:    [0x000001dea8000000 - 0x000001dee9000000), (1090519040 bytes)
Klass ID Range:  [8 - 1090519033) (1090519025)


Internal statistics:

num_allocs_failed_limit: 0.
num_arena_births: 28.
num_arena_deaths: 0.
num_vsnodes_births: 2.
num_vsnodes_deaths: 0.
num_space_committed: 12.
num_space_uncommitted: 0.
num_chunks_returned_to_freelist: 0.
num_chunks_taken_from_freelist: 46.
num_chunk_merges: 0.
num_chunk_splits: 27.
num_chunks_enlarged: 17.
num_inconsistent_stats: 0.

CodeHeap 'non-profiled nmethods': size=120064Kb used=178Kb max_used=178Kb free=119885Kb
 bounds [0x000001de93b60000, 0x000001de93dd0000, 0x000001de9b0a0000]
CodeHeap 'profiled nmethods': size=120000Kb used=248Kb max_used=368Kb free=119751Kb
 bounds [0x000001de8c0a0000, 0x000001de8c310000, 0x000001de935d0000]
CodeHeap 'non-nmethods': size=5696Kb used=1324Kb max_used=1371Kb free=4371Kb
 bounds [0x000001de935d0000, 0x000001de93840000, 0x000001de93b60000]
CodeCache: size=245760Kb, used=1750Kb, max_used=1917Kb, free=244007Kb
 total_blobs=682, nmethods=284, adapters=304, full_count=0
Compilation: enabled, stopped_count=0, restarted_count=0

Compilation events (20 events):
Event: 0.116 Thread 0x000001deed016b00  334       4       Felix::Statement (197 bytes)
Event: 0.117 Thread 0x000001deed016b00 nmethod 334 0x000001de93b84c88 code [0x000001de93b84dc0, 0x000001de93b852f8]
Event: 0.117 Thread 0x000001deed016b00  335  s    4       java.lang.Throwable::fillInStackTrace (29 bytes)
Event: 0.118 Thread 0x000001deed016b00 nmethod 335 0x000001de93b85388 code [0x000001de93b854a0, 0x000001de93b858c0]
Event: 0.118 Thread 0x000001deed016b00  336       4       java.lang.Throwable::<init> (48 bytes)
Event: 0.118 Thread 0x000001deed016b00 nmethod 336 0x000001de93b85908 code [0x000001de93b85a40, 0x000001de93b863e8]
Event: 0.118 Thread 0x000001deed016b00  328       4       java.lang.StringLatin1::writeDigitPair (21 bytes)
Event: 0.119 Thread 0x000001deed016b00 nmethod 328 0x000001de93b86488 code [0x000001de93b865a0, 0x000001de93b866b8]
Event: 0.119 Thread 0x000001deed016b00  326       4       Felix::jj_add_error_token (216 bytes)
Event: 0.119 Thread 0x000001deed016b00 nmethod 326 0x000001de93b86788 code [0x000001de93b86880, 0x000001de93b86968]
Event: 0.119 Thread 0x000001deed016b00  327       4       java.lang.Exception::<init> (6 bytes)
Event: 0.120 Thread 0x000001deed27ce60 nmethod 321 0x000001de93b86a88 code [0x000001de93b86d40, 0x000001de93b88cc8]
Event: 0.120 Thread 0x000001deed016b00 nmethod 327 0x000001de93b88f88 code [0x000001de93b890c0, 0x000001de93b89a68]
Event: 0.148 Thread 0x000001deed285b80 nmethod 333 0x000001de93b89b08 code [0x000001de93b89e20, 0x000001de93b8c550]
Event: 0.221 Thread 0x000001deed019090  337 %     3       Felix::Start @ 4 (29 bytes)
Event: 0.221 Thread 0x000001deed019090 nmethod 337% 0x000001de8c0fb408 code [0x000001de8c0fb560, 0x000001de8c0fb9e8]
Event: 0.222 Thread 0x000001deed019090  338       3       Felix::Start (29 bytes)
Event: 0.222 Thread 0x000001deed019090 nmethod 338 0x000001de8c0fba88 code [0x000001de8c0fbbe0, 0x000001de8c0fc018]
Event: 0.267 Thread 0x000001deed285b80  339 %     4       Felix::Start @ 4 (29 bytes)
Event: 0.268 Thread 0x000001deed285b80 nmethod 339% 0x000001de93b8c888 code [0x000001de93b8c9a0, 0x000001de93b8cb00]

GC Heap History (20 events):
Event: 8.971 GC heap before
{Heap before GC invocations=24 (full 0):
 garbage-first heap   total reserved 8159232K, committed 1708032K, used 1554402K [0x000000060e000000, 0x0000000800000000)
  region size 4096K, 155 young (634880K), 14 survivors (57344K)
 Metaspace       used 630K, committed 768K, reserved 1114112K
  class space    used 49K, committed 128K, reserved 1048576K
}
Event: 8.987 GC heap after
{Heap after GC invocations=25 (full 0):
 garbage-first heap   total reserved 8159232K, committed 1966080K, used 1028907K [0x000000060e000000, 0x0000000800000000)
  region size 4096K, 12 young (49152K), 12 survivors (49152K)
 Metaspace       used 630K, committed 768K, reserved 1114112K
  class space    used 49K, committed 128K, reserved 1048576K
}
Event: 9.755 GC heap before
{Heap before GC invocations=26 (full 0):
 garbage-first heap   total reserved 8159232K, committed 1966080K, used 1782571K [0x000000060e000000, 0x0000000800000000)
  region size 4096K, 202 young (827392K), 12 survivors (49152K)
 Metaspace       used 630K, committed 768K, reserved 1114112K
  class space    used 49K, committed 128K, reserved 1048576K
}
Event: 9.773 GC heap after
{Heap after GC invocations=27 (full 0):
 garbage-first heap   total reserved 8159232K, committed 1966080K, used 1062904K [0x000000060e000000, 0x0000000800000000)
  region size 4096K, 26 young (106496K), 26 survivors (106496K)
 Metaspace       used 630K, committed 768K, reserved 1114112K
  class space    used 49K, committed 128K, reserved 1048576K
}
Event: 10.313 GC heap before
{Heap before GC invocations=27 (full 0):
 garbage-first heap   total reserved 8159232K, committed 1966080K, used 1759224K [0x000000060e000000, 0x0000000800000000)
  region size 4096K, 196 young (802816K), 26 survivors (106496K)
 Metaspace       used 630K, committed 768K, reserved 1114112K
  class space    used 49K, committed 128K, reserved 1048576K
}
Event: 10.334 GC heap after
{Heap after GC invocations=28 (full 0):
 garbage-first heap   total reserved 8159232K, committed 1966080K, used 1108886K [0x000000060e000000, 0x0000000800000000)
  region size 4096K, 14 young (57344K), 14 survivors (57344K)
 Metaspace       used 630K, committed 768K, reserved 1114112K
  class space    used 49K, committed 128K, reserved 1048576K
}
Event: 10.749 GC heap before
{Heap before GC invocations=28 (full 0):
 garbage-first heap   total reserved 8159232K, committed 1966080K, used 1809302K [0x000000060e000000, 0x0000000800000000)
  region size 4096K, 185 young (757760K), 14 survivors (57344K)
 Metaspace       used 630K, committed 768K, reserved 1114112K
  class space    used 49K, committed 128K, reserved 1048576K
}
Event: 10.765 GC heap after
{Heap after GC invocations=29 (full 0):
 garbage-first heap   total reserved 8159232K, committed 1966080K, used 1166855K [0x000000060e000000, 0x0000000800000000)
  region size 4096K, 14 young (57344K), 14 survivors (57344K)
 Metaspace       used 630K, committed 768K, reserved 1114112K
  class space    used 49K, committed 128K, reserved 1048576K
}
Event: 12.065 GC heap before
{Heap before GC invocations=30 (full 0):
 garbage-first heap   total reserved 8159232K, committed 1966080K, used 1809927K [0x000000060e000000, 0x0000000800000000)
  region size 4096K, 171 young (700416K), 14 survivors (57344K)
 Metaspace       used 630K, committed 768K, reserved 1114112K
  class space    used 49K, committed 128K, reserved 1048576K
}
Event: 12.082 GC heap after
{Heap after GC invocations=31 (full 0):
 garbage-first heap   total reserved 8159232K, committed 1966080K, used 1218112K [0x000000060e000000, 0x0000000800000000)
  region size 4096K, 13 young (53248K), 13 survivors (53248K)
 Metaspace       used 630K, committed 768K, reserved 1114112K
  class space    used 49K, committed 128K, reserved 1048576K
}
Event: 12.474 GC heap before
{Heap before GC invocations=31 (full 0):
 garbage-first heap   total reserved 8159232K, committed 1966080K, used 1812032K [0x000000060e000000, 0x0000000800000000)
  region size 4096K, 158 young (647168K), 13 survivors (53248K)
 Metaspace       used 630K, committed 768K, reserved 1114112K
  class space    used 49K, committed 128K, reserved 1048576K
}
Event: 12.489 GC heap after
{Heap after GC invocations=32 (full 0):
 garbage-first heap   total reserved 8159232K, committed 1966080K, used 1252213K [0x000000060e000000, 0x0000000800000000)
  region size 4096K, 12 young (49152K), 12 survivors (49152K)
 Metaspace       used 630K, committed 768K, reserved 1114112K
  class space    used 49K, committed 128K, reserved 1048576K
}
Event: 12.811 GC heap before
{Heap before GC invocations=32 (full 0):
 garbage-first heap   total reserved 8159232K, committed 1966080K, used 1817461K [0x000000060e000000, 0x0000000800000000)
  region size 4096K, 150 young (614400K), 12 survivors (49152K)
 Metaspace       used 630K, committed 768K, reserved 1114112K
  class space    used 49K, committed 128K, reserved 1048576K
}
Event: 12.825 GC heap after
{Heap after GC invocations=33 (full 0):
 garbage-first heap   total reserved 8159232K, committed 1966080K, used 1300197K [0x000000060e000000, 0x0000000800000000)
  region size 4096K, 12 young (49152K), 12 survivors (49152K)
 Metaspace       used 630K, committed 768K, reserved 1114112K
  class space    used 49K, committed 128K, reserved 1048576K
}
Event: 13.402 GC heap before
{Heap before GC invocations=34 (full 0):
 garbage-first heap   total reserved 8159232K, committed 2170880K, used 1804005K [0x000000060e000000, 0x0000000800000000)
  region size 4096K, 135 young (552960K), 12 survivors (49152K)
 Metaspace       used 630K, committed 768K, reserved 1114112K
  class space    used 49K, committed 128K, reserved 1048576K
}
Event: 13.415 GC heap after
{Heap after GC invocations=35 (full 0):
 garbage-first heap   total reserved 8159232K, committed 2170880K, used 1338097K [0x000000060e000000, 0x0000000800000000)
  region size 4096K, 10 young (40960K), 10 survivors (40960K)
 Metaspace       used 630K, committed 768K, reserved 1114112K
  class space    used 49K, committed 128K, reserved 1048576K
}
Event: 13.813 GC heap before
{Heap before GC invocations=35 (full 0):
 garbage-first heap   total reserved 8159232K, committed 2170880K, used 2075377K [0x000000060e000000, 0x0000000800000000)
  region size 4096K, 176 young (720896K), 10 survivors (40960K)
 Metaspace       used 630K, committed 768K, reserved 1114112K
  class space    used 49K, committed 128K, reserved 1048576K
}
Event: 13.833 GC heap after
{Heap after GC invocations=36 (full 0):
 garbage-first heap   total reserved 8159232K, committed 2183168K, used 1434457K [0x000000060e000000, 0x0000000800000000)
  region size 4096K, 22 young (90112K), 22 survivors (90112K)
 Metaspace       used 630K, committed 768K, reserved 1114112K
  class space    used 49K, committed 128K, reserved 1048576K
}
Event: 14.238 GC heap before
{Heap before GC invocations=36 (full 0):
 garbage-first heap   total reserved 8159232K, committed 2183168K, used 1975129K [0x000000060e000000, 0x0000000800000000)
  region size 4096K, 154 young (630784K), 22 survivors (90112K)
 Metaspace       used 630K, committed 768K, reserved 1114112K
  class space    used 49K, committed 128K, reserved 1048576K
}
Event: 14.256 GC heap after
{Heap after GC invocations=37 (full 0):
 garbage-first heap   total reserved 8159232K, committed 2183168K, used 1485704K [0x000000060e000000, 0x0000000800000000)
  region size 4096K, 12 young (49152K), 12 survivors (49152K)
 Metaspace       used 630K, committed 768K, reserved 1114112K
  class space    used 49K, committed 128K, reserved 1048576K
}

Dll operation events (4 events):
Event: 0.005 Loaded shared library C:\Program Files\Java\jdk-24\bin\java.dll
Event: 0.020 Loaded shared library C:\Program Files\Java\jdk-24\bin\jsvml.dll
Event: 0.038 Loaded shared library C:\Program Files\Java\jdk-24\bin\zip.dll
Event: 0.043 Loaded shared library C:\Program Files\Java\jdk-24\bin\jimage.dll

Deoptimization events (20 events):
Event: 0.103 Thread 0x000001de815221c0 DEOPT PACKING pc=0x000001de8c0dbc22 sp=0x000000575fdfedb0
Event: 0.103 Thread 0x000001de815221c0 DEOPT UNPACKING pc=0x000001de93626642 sp=0x000000575fdfe268 mode 0
Event: 0.104 Thread 0x000001de815221c0 DEOPT PACKING pc=0x000001de8c0eebca sp=0x000000575fdfec20
Event: 0.104 Thread 0x000001de815221c0 DEOPT UNPACKING pc=0x000001de93626642 sp=0x000000575fdfe0f0 mode 0
Event: 0.104 Thread 0x000001de815221c0 DEOPT PACKING pc=0x000001de8c0dbc22 sp=0x000000575fdfedb0
Event: 0.104 Thread 0x000001de815221c0 DEOPT UNPACKING pc=0x000001de93626642 sp=0x000000575fdfe268 mode 0
Event: 0.104 Thread 0x000001de815221c0 DEOPT PACKING pc=0x000001de8c0dbc22 sp=0x000000575fdfedb0
Event: 0.104 Thread 0x000001de815221c0 DEOPT UNPACKING pc=0x000001de93626642 sp=0x000000575fdfe268 mode 0
Event: 0.104 Thread 0x000001de815221c0 DEOPT PACKING pc=0x000001de8c0dbc22 sp=0x000000575fdfedb0
Event: 0.104 Thread 0x000001de815221c0 DEOPT UNPACKING pc=0x000001de93626642 sp=0x000000575fdfe268 mode 0
Event: 0.105 Thread 0x000001de815221c0 DEOPT PACKING pc=0x000001de8c0dbc22 sp=0x000000575fdfedb0
Event: 0.105 Thread 0x000001de815221c0 DEOPT UNPACKING pc=0x000001de93626642 sp=0x000000575fdfe268 mode 0
Event: 0.105 Thread 0x000001de815221c0 DEOPT PACKING pc=0x000001de8c0dbc22 sp=0x000000575fdfedb0
Event: 0.105 Thread 0x000001de815221c0 DEOPT UNPACKING pc=0x000001de93626642 sp=0x000000575fdfe268 mode 0
Event: 0.105 Thread 0x000001de815221c0 DEOPT PACKING pc=0x000001de8c0dbc22 sp=0x000000575fdfedb0
Event: 0.105 Thread 0x000001de815221c0 DEOPT UNPACKING pc=0x000001de93626642 sp=0x000000575fdfe268 mode 0
Event: 0.106 Thread 0x000001de815221c0 DEOPT PACKING pc=0x000001de8c0dbc22 sp=0x000000575fdfedb0
Event: 0.106 Thread 0x000001de815221c0 DEOPT UNPACKING pc=0x000001de93626642 sp=0x000000575fdfe268 mode 0
Event: 0.276 Thread 0x000001de815221c0 DEOPT PACKING pc=0x000001de8c0fb936 sp=0x000000575fdff080
Event: 0.276 Thread 0x000001de815221c0 DEOPT UNPACKING pc=0x000001de93626642 sp=0x000000575fdfe558 mode 0

Classes loaded (20 events):
Event: 0.044 Loading class jdk/internal/jimage/ImageLocation
Event: 0.044 Loading class jdk/internal/jimage/ImageLocation done
Event: 0.045 Loading class java/time/zone/Ser
Event: 0.045 Loading class java/io/Externalizable
Event: 0.045 Loading class java/io/Externalizable done
Event: 0.045 Loading class java/time/zone/Ser done
Event: 0.045 Loading class java/time/zone/ZoneOffsetTransition
Event: 0.045 Loading class java/time/zone/ZoneOffsetTransition done
Event: 0.045 Loading class java/time/Year
Event: 0.045 Loading class java/time/Year done
Event: 0.049 Loading class java/util/Stack
Event: 0.049 Loading class java/util/Vector
Event: 0.049 Loading class java/util/Vector done
Event: 0.049 Loading class java/util/Stack done
Event: 0.050 Loading class java/io/InputStreamReader
Event: 0.050 Loading class java/io/InputStreamReader done
Event: 0.050 Loading class sun/nio/cs/StreamDecoder
Event: 0.050 Loading class sun/nio/cs/StreamDecoder done
Event: 0.050 Loading class sun/nio/cs/UTF_8$Decoder
Event: 0.050 Loading class sun/nio/cs/UTF_8$Decoder done

Classes unloaded (0 events):
No events

Classes redefined (0 events):
No events

Internal exceptions (1 events):
Event: 0.071 Thread 0x000001de815221c0 Exception <a 'java/lang/NoSuchMethodError'{0x000000062cc36438}: 'java.lang.Object java.lang.invoke.DelegatingMethodHandle$Holder.reinvoke_L(java.lang.Object, java.lang.Object, int, int, java.lang.Object)'> (0x000000062cc36438) 
thrown [s\open\src\hotspot\share\interpreter\linkResolver.cpp, line 805]

VM Operations (20 events):
Event: 10.904 Executing VM operation: G1PauseRemark done
Event: 11.026 Executing VM operation: G1PauseCleanup
Event: 11.026 Executing VM operation: G1PauseCleanup done
Event: 12.065 Executing VM operation: G1CollectForAllocation (G1 Evacuation Pause)
Event: 12.082 Executing VM operation: G1CollectForAllocation (G1 Evacuation Pause) done
Event: 12.474 Executing VM operation: G1CollectForAllocation (G1 Evacuation Pause)
Event: 12.489 Executing VM operation: G1CollectForAllocation (G1 Evacuation Pause) done
Event: 12.811 Executing VM operation: G1CollectForAllocation (G1 Evacuation Pause)
Event: 12.825 Executing VM operation: G1CollectForAllocation (G1 Evacuation Pause) done
Event: 13.030 Executing VM operation: G1PauseRemark
Event: 13.034 Executing VM operation: G1PauseRemark done
Event: 13.178 Executing VM operation: G1PauseCleanup
Event: 13.178 Executing VM operation: G1PauseCleanup done
Event: 13.402 Executing VM operation: G1CollectForAllocation (G1 Evacuation Pause)
Event: 13.415 Executing VM operation: G1CollectForAllocation (G1 Evacuation Pause) done
Event: 13.813 Executing VM operation: G1CollectForAllocation (G1 Evacuation Pause)
Event: 13.833 Executing VM operation: G1CollectForAllocation (G1 Evacuation Pause) done
Event: 14.238 Executing VM operation: G1CollectForAllocation (G1 Evacuation Pause)
Event: 14.256 Executing VM operation: G1CollectForAllocation (G1 Evacuation Pause) done
Event: 14.449 Executing VM operation: G1PauseRemark

Memory protections (0 events):
No events

Nmethod flushes (20 events):
Event: 9.109 Thread 0x000001dea7352470 flushing  nmethod 0x000001de8c0af988
Event: 9.109 Thread 0x000001dea7352470 flushing  nmethod 0x000001de8c0b4288
Event: 9.109 Thread 0x000001dea7352470 flushing  nmethod 0x000001de8c0b8988
Event: 9.109 Thread 0x000001dea7352470 flushing  nmethod 0x000001de8c0b8e88
Event: 9.109 Thread 0x000001dea7352470 flushing  nmethod 0x000001de8c0bcc88
Event: 9.109 Thread 0x000001dea7352470 flushing  nmethod 0x000001de8c0bd608
Event: 9.109 Thread 0x000001dea7352470 flushing  nmethod 0x000001de8c0bf808
Event: 9.109 Thread 0x000001dea7352470 flushing osr nmethod 0x000001de8c0fb408
Event: 9.109 Thread 0x000001dea7352470 flushing  nmethod 0x000001de8c0c5288
Event: 9.109 Thread 0x000001dea7352470 flushing  nmethod 0x000001de8c0f2788
Event: 9.109 Thread 0x000001dea7352470 flushing  nmethod 0x000001de8c0f5408
Event: 9.109 Thread 0x000001dea7352470 flushing  nmethod 0x000001de8c0f6208
Event: 9.109 Thread 0x000001dea7352470 flushing  nmethod 0x000001de8c0f8d08
Event: 9.109 Thread 0x000001dea7352470 flushing  nmethod 0x000001de8c0e6e08
Event: 9.109 Thread 0x000001dea7352470 flushing  nmethod 0x000001de8c0e7a08
Event: 9.109 Thread 0x000001dea7352470 flushing  nmethod 0x000001de8c0e8408
Event: 9.109 Thread 0x000001dea7352470 flushing  nmethod 0x000001de8c0e8888
Event: 9.109 Thread 0x000001dea7352470 flushing  nmethod 0x000001de8c0e9088
Event: 9.109 Thread 0x000001dea7352470 flushing  nmethod 0x000001de8c0e9588
Event: 9.109 Thread 0x000001dea7352470 flushing  nmethod 0x000001de8c0eb988

Events (15 events):
Event: 0.013 Thread 0x000001de815221c0 Thread added: 0x000001de815221c0
Event: 0.019 Thread 0x000001de815221c0 Thread added: 0x000001deed0080b0
Event: 0.019 Thread 0x000001de815221c0 Thread added: 0x000001deed00ac00
Event: 0.019 Thread 0x000001de815221c0 Thread added: 0x000001deed00b730
Event: 0.019 Thread 0x000001de815221c0 Thread added: 0x000001deed00c610
Event: 0.019 Thread 0x000001de815221c0 Thread added: 0x000001deed00fee0
Event: 0.019 Thread 0x000001de815221c0 Thread added: 0x000001deed011360
Event: 0.019 Thread 0x000001de815221c0 Thread added: 0x000001deed016b00
Event: 0.019 Thread 0x000001de815221c0 Thread added: 0x000001deed019090
Event: 0.021 Thread 0x000001de815221c0 Thread added: 0x000001deed0cc490
Event: 0.022 Thread 0x000001de815221c0 Thread added: 0x000001deed0eca20
Event: 0.044 Thread 0x000001deed019090 Thread added: 0x000001deed285b80
Event: 0.082 Thread 0x000001deed019090 Thread added: 0x000001deed27ce60
Event: 0.221 Thread 0x000001deed27ce60 Thread exited: 0x000001deed27ce60
Event: 5.267 Thread 0x000001deed285b80 Thread exited: 0x000001deed285b80


Dynamic libraries:
0x00007ff641d00000 - 0x00007ff641d10000 	C:\Program Files\Java\jdk-24\bin\java.exe
0x00007ff8c5620000 - 0x00007ff8c5887000 	C:\WINDOWS\SYSTEM32\ntdll.dll
0x00007ff8c4b60000 - 0x00007ff8c4c29000 	C:\WINDOWS\System32\KERNEL32.DLL
0x00007ff8c2bb0000 - 0x00007ff8c2fa7000 	C:\WINDOWS\System32\KERNELBASE.dll
0x00007ff8c30e0000 - 0x00007ff8c322b000 	C:\WINDOWS\System32\ucrtbase.dll
0x00007ff8ab310000 - 0x00007ff8ab32b000 	C:\Program Files\Java\jdk-24\bin\VCRUNTIME140.dll
0x00007ff8a5980000 - 0x00007ff8a5996000 	C:\Program Files\Java\jdk-24\bin\jli.dll
0x00007ff8c33a0000 - 0x00007ff8c3566000 	C:\WINDOWS\System32\USER32.dll
0x00007ff8c3230000 - 0x00007ff8c3257000 	C:\WINDOWS\System32\win32u.dll
0x00007ff8a8f40000 - 0x00007ff8a91d2000 	C:\WINDOWS\WinSxS\amd64_microsoft.windows.common-controls_6595b64144ccf1df_6.0.26100.8328_none_3e08182ce334b678\COMCTL32.dll
0x00007ff8c3fc0000 - 0x00007ff8c3feb000 	C:\WINDOWS\System32\GDI32.dll
0x00007ff8c2fb0000 - 0x00007ff8c30dc000 	C:\WINDOWS\System32\gdi32full.dll
0x00007ff8c3260000 - 0x00007ff8c3303000 	C:\WINDOWS\System32\msvcp_win.dll
0x00007ff8c3f10000 - 0x00007ff8c3fb9000 	C:\WINDOWS\System32\msvcrt.dll
0x00007ff8c4170000 - 0x00007ff8c41a2000 	C:\WINDOWS\System32\IMM32.DLL
0x00007ff8b4340000 - 0x00007ff8b434c000 	C:\Program Files\Java\jdk-24\bin\vcruntime140_1.dll
0x00007ff8747d0000 - 0x00007ff87485e000 	C:\Program Files\Java\jdk-24\bin\msvcp140.dll
0x00007fff92100000 - 0x00007fff92ea2000 	C:\Program Files\Java\jdk-24\bin\server\jvm.dll
0x00007ff8c4f60000 - 0x00007ff8c5016000 	C:\WINDOWS\System32\ADVAPI32.dll
0x00007ff8c3c60000 - 0x00007ff8c3d07000 	C:\WINDOWS\System32\sechost.dll
0x00007ff8c4a40000 - 0x00007ff8c4b58000 	C:\WINDOWS\System32\RPCRT4.dll
0x00007ff8c50a0000 - 0x00007ff8c5120000 	C:\WINDOWS\System32\WS2_32.dll
0x00007ff8c1eb0000 - 0x00007ff8c1f0e000 	C:\WINDOWS\SYSTEM32\POWRPROF.dll
0x00007ff8bbe00000 - 0x00007ff8bbe0b000 	C:\WINDOWS\SYSTEM32\VERSION.dll
0x00007ff8b59d0000 - 0x00007ff8b5a06000 	C:\WINDOWS\SYSTEM32\WINMM.dll
0x00007ff8c1e90000 - 0x00007ff8c1ea4000 	C:\WINDOWS\SYSTEM32\UMPDC.dll
0x00007ff8c0de0000 - 0x00007ff8c0dfb000 	C:\WINDOWS\SYSTEM32\kernel.appcore.dll
0x00007ff8ab670000 - 0x00007ff8ab67a000 	C:\Program Files\Java\jdk-24\bin\jimage.dll
0x00007ff8b5d50000 - 0x00007ff8b5f92000 	C:\WINDOWS\SYSTEM32\DBGHELP.DLL
0x00007ff8c3670000 - 0x00007ff8c39f3000 	C:\WINDOWS\System32\combase.dll
0x00007ff8c4930000 - 0x00007ff8c4a09000 	C:\WINDOWS\System32\OLEAUT32.dll
0x00007ff8a7650000 - 0x00007ff8a768b000 	C:\WINDOWS\SYSTEM32\dbgcore.DLL
0x00007ff8c2050000 - 0x00007ff8c20f8000 	C:\WINDOWS\System32\bcryptPrimitives.dll
0x00007ff8a4910000 - 0x00007ff8a492e000 	C:\Program Files\Java\jdk-24\bin\java.dll
0x00007ff8c3d70000 - 0x00007ff8c3f07000 	C:\WINDOWS\System32\ole32.dll
0x00007ff8c41b0000 - 0x00007ff8c491e000 	C:\WINDOWS\System32\SHELL32.dll
0x00007ff8c2340000 - 0x00007ff8c2bac000 	C:\WINDOWS\System32\windows.storage.dll
0x00007ff8c3570000 - 0x00007ff8c3666000 	C:\WINDOWS\System32\SHCORE.dll
0x00007ff8c5030000 - 0x00007ff8c5096000 	C:\WINDOWS\System32\shlwapi.dll
0x00007ff8c1f70000 - 0x00007ff8c1f99000 	C:\WINDOWS\SYSTEM32\profapi.dll
0x00007ff8746f0000 - 0x00007ff8747c7000 	C:\Program Files\Java\jdk-24\bin\jsvml.dll
0x00007ff8a48f0000 - 0x00007ff8a4907000 	C:\Program Files\Java\jdk-24\bin\zip.dll

JVMTI agents: none

dbghelp: loaded successfully - version: 4.0.5 - missing functions: none
symbol engine: initialized successfully - sym options: 0x614 - pdb path: .;C:\Program Files\Java\jdk-24\bin;C:\WINDOWS\SYSTEM32;C:\WINDOWS\WinSxS\amd64_microsoft.windows.common-controls_6595b64144ccf1df_6.0.26100.8328_none_3e08182ce334b678;C:\Program Files\Java\jdk-24\bin\server

VM Arguments:
jvm_args: -Dfile.encoding=UTF-8 
java_command: Felix entrada_web.txt
java_class_path (initial): .
Launcher Type: SUN_STANDARD

[Global flags]
     intx CICompilerCount                          = 4                                         {product} {ergonomic}
     uint ConcGCThreads                            = 3                                         {product} {ergonomic}
     uint G1ConcRefinementThreads                  = 10                                        {product} {ergonomic}
   size_t G1HeapRegionSize                         = 4194304                                   {product} {ergonomic}
   size_t InitialHeapSize                          = 524288000                                 {product} {ergonomic}
   size_t MarkStackSize                            = 4194304                                   {product} {ergonomic}
   size_t MarkStackSizeMax                         = 536870912                                 {product} {ergonomic}
   size_t MaxHeapSize                              = 8355053568                                {product} {ergonomic}
   size_t MaxNewSize                               = 5012193280                                {product} {ergonomic}
   size_t MinHeapDeltaBytes                        = 4194304                                   {product} {ergonomic}
   size_t MinHeapSize                              = 8388608                                   {product} {ergonomic}
    uintx NonNMethodCodeHeapSize                   = 5832704                                {pd product} {ergonomic}
    uintx NonProfiledCodeHeapSize                  = 122945536                              {pd product} {ergonomic}
    uintx ProfiledCodeHeapSize                     = 122880000                              {pd product} {ergonomic}
    uintx ReservedCodeCacheSize                    = 251658240                              {pd product} {ergonomic}
     bool SegmentedCodeCache                       = true                                      {product} {ergonomic}
   size_t SoftMaxHeapSize                          = 8355053568                             {manageable} {ergonomic}
     bool UseCompressedOops                        = true                           {product lp64_product} {ergonomic}
     bool UseG1GC                                  = true                                      {product} {ergonomic}
     bool UseLargePagesIndividualAllocation        = false                                  {pd product} {ergonomic}

Logging:
Log output configuration:
 #0: stdout all=warning uptime,level,tags foldmultilines=false
 #1: stderr all=off uptime,level,tags foldmultilines=false

Environment Variables:
JAVA_HOME=C:\Users\PC\Downloads\jdk-24_windows-x64_bin.exe
PATH=C:\Python313\Scripts\;C:\Python313\;C:\Program Files\Common Files\Oracle\Java\javapath;C:\WINDOWS\system32;C:\WINDOWS;C:\WINDOWS\System32\Wbem;C:\WINDOWS\System32\WindowsPowerShell\v1.0\;C:\WINDOWS\System32\OpenSSH\;C:\Program Files (x86)\NVIDIA Corporation\PhysX\Common;C:\Program Files\dotnet\;C:\Program Files\NVIDIA Corporation\NVIDIA app\NvDLISR;C:\Program Files\nodejs\;C:\ProgramData\chocolatey\bin;C:\Program Files\Git\cmd;C:\Program Files\GitHub CLI\;C:\Users\PC\OneDrive\Documents\javacc-javacc-7.0.13\javacc-javacc-7.0.13\scripts;%JAVA_HOME%\bin;C:\Users\PC\AppData\Local\Microsoft\WindowsApps;E:\Microsoft VS Code\bin;C:\Users\PC\AppData\Local\Muse Hub\lib;C:\Users\PC\AppData\Roaming\npm;C:\Users\PC\AppData\Local\Programs\Ollama;C:\Users\PC\AppData\Local\Programs\Antigravity\bin;C:\Users\PC\AppData\Local\GitHubDesktop\bin
USERNAME=PC
LANG=en_US.UTF-8
OS=Windows_NT
PROCESSOR_IDENTIFIER=AMD64 Family 25 Model 97 Stepping 2, AuthenticAMD
TMP=C:\Users\PC\AppData\Local\Temp
TEMP=C:\Users\PC\AppData\Local\Temp




Periodic native trim disabled

---------------  S Y S T E M  ---------------

OS:
 Windows 11 , 64 bit Build 26100 (10.0.26100.8328)
OS uptime: 1 days 7:08 hours

CPU: total 12 (initial active 12) (12 cores per cpu, 2 threads per core) family 25 model 97 stepping 2 microcode 0xa601203, cx8, cmov, fxsr, ht, mmx, 3dnowpref, sse, sse2, sse3, ssse3, sse4a, sse4.1, sse4.2, popcnt, lzcnt, tsc, tscinvbit, avx, avx2, aes, erms, clmul, bmi1, bmi2, adx, avx512f, avx512dq, avx512cd, avx512bw, avx512vl, sha, fma, vzeroupper, avx512_vpopcntdq, avx512_vpclmulqdq, avx512_vaes, avx512_vnni, clflush, clflushopt, avx512_vbmi2, avx512_vbmi, rdtscp, rdpid, fsrm, gfni, avx512_bitalg, f16c, pku, cet_ss, avx512_ifma
Processor Information for the first 12 processors :
  Max Mhz: 4701, Current Mhz: 4701, Mhz Limit: 4701

Memory: 4k page, system-wide physical 31864M (4803M free)
TotalPageFile size 37032M (AvailPageFile size 57M)
current process WorkingSet (physical memory assigned to process): 2207M, peak: 2207M
current process commit charge ("private bytes"): 2267M, peak: 2495M

vm_info: Java HotSpot(TM) 64-Bit Server VM (24.0.1+9-30) for windows-amd64 JRE (24.0.1+9-30), built on 2025-03-05T07:23:45Z with MS VC++ 17.6 (VS2022)

END.
